Symbol,Series,Security Name,Band,Remarks
CTE,EQ,Cambridge Technology Enterprises Limited,2,-
DBSTOCKBRO,EQ,DB (International) Stock Brokers Limited,2,-
IMPEXFERRO,EQ,Impex Ferro Tech Limited,2,-
VISESHINFO,BE,Visesh Infotecnics Limited,2,-
WINSOME,EQ,Winsome Yarns Limited,2,-
ABGSHIP,BZ,ABG Shipyard Limited,5,-
ABMINTLTD,BE,ABM International Limited,5,-
ADANITRANS,EQ,Adani Transmission Limited,5,-
ADSL,BE,Allied Digital Services Limited,5,-
AFL,BE,Accel Frontline Limited,5,GSM - Stage I
AGARIND,BE,Agarwal Industrial Corporation Limited,5,-
AGRITECH,EQ,Agri-Tech (India) Limited,5,-
AICHAMP,BE,AI Champdany Industries Limited,5,"Transferred to trade for trade pursuant to NSE Circular NSE/CML/21490 dated August 14, 2012 (Less than 50% Non Promoter shareholding in dematerialized form)"
AIRAN,SM,Airan Limited,5,-
ALPA,BE,Alpa Laboratories Limited,5,-
ANANDAMRUB,EQ,The Anandam Rubber Company Limited,5,GSM - Stage 0
ANDHRACEMT,BE,Andhra Cements Limited,5,-
ANGIND,EQ,ANG Industries Limited,5,-
ANIKINDS,BE,Anik Industries Limited,5,-
ANSALAPI,EQ,Ansal Properties & Infrastructure Limited,5,-
ANTGRAPHIC,BE,Antarctica Limited,5,-
APOLSINHOT,BE,Apollo Sindoori Hotels Limited,5,-
ARIHANT,BE,Arihant Foundations & Housing Limited,5,-
ARSHIYA,BE,Arshiya Limited,5,-
ASIL,BE,Amit Spinning Industries Limited,5,-
ASPINWALL,BE,Aspinwall and Company Limited,5,-
ATLASCYCLE,BE,Atlas Cycles (Haryana) Limited,5,-
AURDIS,SM,Aurangabad Distillery Limited,5,-
AUSTRAL,BE,Austral Coke & Projects Limited,5,-
BANARBEADS,BE,Banaras Beads Limited,5,-
BANG,BE,Bang Overseas Limited,5,-
BDR,IT,BDR Buildcon Limited,5,-
BEARDSELL,BE,Beardsell Limited,5,-
BGLOBAL,BE,Bharatiya Global Infomedia Limited,5,-
BHAGYANGR,BE,Bhagyanagar India Limited,5,-
BHARATIDIL,EQ,Bharati Defence and Infrastructure Limited,5,-
BILENERGY,EQ,Bil Energy Systems Limited,5,-
BIRLAMONEY,BE,Aditya Birla Money Limited,5,-
BLBLIMITED,BE,BLB Limited,5,-
BLS,EQ,BLS International Services Limited,5,-
BLUECOAST,EQ,Blue Coast Hotels Limited,5,-
BSELINFRA,BE,BSEL Infrastructure Realty Limited,5,-
BVCL,BE,Barak Valley Cements Limited,5,-
CALSOFT,EQ,California Software Company Limited,5,-
CANDC,BE,C & C Constructions Limited,5,-
CCCL,BE,Consolidated Construction Consortium Limited,5,-
CENTEXT,BE,Century Extrusions Limited,5,-
CIMMCO,BE,Cimmco Limited,5,-
CINEVISTA,BE,Cinevista Limited,5,-
CORALFINAC,BE,Coral India Finance & Housing Limited,5,-
CREATIVEYE,EQ,Creative Eye Limited,5,-
CREST,BE,Crest Ventures Limited,5,-
CROWN,SM,Crown Lifters Limited,5,-
CUBEXTUB,BE,Cubex Tubings Limited,5,-
CURATECH,EQ,Cura Technologies Limited,5,-
CYBERMEDIA,BE,Cyber Media (India) Limited,5,-
DELTAMAGNT,EQ,Delta Magnets Limited,5,-
DOLLAR,BE,Dollar Industries Limited,5,-
DQE,BE,DQ Entertainment (International) Limited,5,-
DSKULKARNI,BE,DS Kulkarni Developers Limited,5,-
DSSL,EQ,Dynacons Systems & Solutions Limited,5,-
DUCON,EQ,Ducon Infratechnologies Limited,5,-
EASUNREYRL,BE,Easun Reyrolle Limited,5,-
EIMCOELECO,EQ,Eimco Elecon (India) Limited,5,-
EMAMIINFRA,BE,Emami Infrastructure Limited,5,-
ESSDEE,BE,Ess Dee Aluminium Limited,5,-
EUROCERA,BE,Euro Ceramics Limited,5,-
EUROMULTI,BE,Euro Multivision Limited,5,-
FACT,EQ,Fertilizers and Chemicals Travancore Limited,5,-
FCSSOFT,BE,FCS Software Solutions Limited,5,-
FIRSTWIN,BE,First Winner Industries Limited,5,-
FOCUS,SM,Focus Lighting and Fixtures Limited,5,-
GANGOTRI,EQ,Gangotri Textiles Limited,5,-
GEMINI,BE,Gemini Communication Limited,5,GSM - Stage II
GISOLUTION,BE,GI Engineering Solutions Limited,5,-
GLFL,BE,Gujarat Lease Financing Limited,5,GSM - Stage II
GLOBOFFS,EQ,Global Offshore Services Limited,5,-
GOENKA,BZ,Goenka Diamond and Jewels Limited,5,-
GOKEX,BE,Gokaldas Exports Limited,5,-
GOKUL,EQ,Gokul Refoils and Solvent Limited,5,-
GOLDENTOBC,BE,Golden Tobacco Limited,5,GSM - Stage I
GOLDINFRA,BE,Goldstone Infratech Limited,5,-
GOLDTECH,BE,Goldstone Technologies Limited,5,-
GREENFIRE,BE,Green Fire Agri Commodities Limited,5,GSM - Stage I
GTNTEX,BE,GTN Textiles Limited,5,-
HINDDORROL,BE,Hindustan Dorr-Oliver Limited,5,GSM - Stage II
HINDSYNTEX,BE,Hind Syntex Limited,5,GSM - Stage II
HITECH,SM,Hi-Tech Pipes Limited,5,-
HMT,BZ,HMT Limited,5,-
HOCL,BE,Hindustan Organic Chemicals Limited,5,-
HOTELRUGBY,BE,Hotel Rugby Limited,5,GSM - Stage II
IBVENTURES,EQ,Indiabulls Ventures Limited,5,-
IITL,EQ,Industrial Investment Trust Limited,5,-
IMFA,EQ,Indian Metals & Ferro Alloys Limited,5,-
INDOWIND,EQ,Indowind Energy Limited,5,-
INDSWFTLTD,BE,Ind-Swift Limited,5,-
INFOMEDIA,BE,Infomedia Press Limited,5,GSM - Stage II
INTEGRA,BE,Integra Garments and Textiles Limited,5,GSM - Stage II
ITI,EQ,ITI Limited,5,-
JAIBALAJI,EQ,Jai Balaji Industries Limited,5,-
JAIHINDPRO,EQ,Jaihind Projects Limited,5,-
JAINSTUDIO,BE,Jain Studios Limited,5,"Transferred to trade for trade pursuant to NSE Circular NSE/CML/21490 dated August 14, 2012 (Less than 50% Non Promoter shareholding in dematerialized form)"
JENSONICOL,BE,Jenson & Nicholson (India) Limited,5,GSM - Stage I
JETFREIGHT,SM,Jet Freight Logistics Limited,5,-
JHS,BE,JHS Svendgaard Laboratories Limited,5,-
JIKIND,BE,JIK Industries Limited,5,GSM - Stage II
JINDALPHOT,BE,Jindal Photo Limited,5,-
JITFINFRA,BE,JITF Infralogistics Limited,5,-
KALYANI,BE,Kalyani Commercials Limited,5,-
KALYANIFRG,BE,Kalyani Forge Limited,5,"Transferred to trade for trade pursuant to NSE Circular NSE/CML/16300 dated November 15, 2010 (Less than 50% Non Promoter shareholding in dematerialized form)."
KERNEX,BE,Kernex Microsystems (India) Limited,5,-
KEYCORPSER,EQ,Keynote Corporate Services Limited,5,-
KHAITANELE,BE,KHAITAN ELECTRICALS LTD.,5,GSM - Stage I
KHAITANLTD,BE,Khaitan (India) Limited,5,-
KHANDSE,EQ,Khandwala Securities Limited,5,-
KILITCH,BE,Kilitch Drugs (India) Limited,5,-
KIOCL,EQ,KIOCL Limited,5,-
KREBSBIO,BE,Krebs Biochemicals and Industries Limited,5,-
KRIDHANINF,BE,Kridhan Infra Limited,5,-
KSERASERA,BE,KSS Limited,5,-
KSK,BE,KSK Energy Ventures Limited,5,-
LCCINFOTEC,BE,LCC Infotech Limited,5,-
LFIC,BE,Lakshmi Finance & Industrial Corporation Limited,5,-
LGBFORGE,BE,LGB Forge Limited,5,GSM - Stage II
LIQUIDBEES,EQ,Reliance ETF Liquid BeES,5,-
LYCOS,BE,Lycos Internet Limited,5,-
MADRASFERT,BE,Madras Fertilizers Limited,5,-
MALUPAPER,EQ,Malu Paper Mills Limited,5,-
MALWACOTT,BE,Malwa Cotton Spg. Mills Limited,5,-
MANAKALUCO,BE,Manaksia Aluminium Company Limited,5,-
MANAKINDST,BE,Manaksia Industries Limited,5,-
MANDHANA,EQ,Mandhana Industries Limited,5,-
MASKINVEST,BE,Mask Investments Limited,5,-
MCL,SM,Madhav Copper Limited,5,-
MELSTAR,BE,Melstar Information Technologies Limited,5,GSM - Stage I
METKORE,BE,Metkore Alloys & Industries Limited,5,-
MITCON,SM,MITCON Consultancy & Engineering Services Limited,5,-
MOTOGENFIN,BE,The Motor & General Finance Limited,5,-
MURUDCERA,BE,Murudeshwar Ceramics Limited,5,-
NAGAFERT,EQ,Nagarjuna Fertilizers and Chemicals Limited,5,-
NAGREEKCAP,EQ,Nagreeka Capital & Infrastructure Limited,5,-
NAKODA,BE,Nakoda Limited,5,-
NATNLSTEEL,BE,National Steel And Agro Industries Limited,5,-
NBIFIN,BE,N. B. I. Industrial Finance Company Limited,5,-
NET4,BE,Net 4 India Limited,5,GSM - Stage I
NEXTMEDIA,BE,Next Mediaworks Limited,5,-
NICCO,BE,Nicco Corporation Limited,5,-
NIRAJISPAT,BE,Niraj Ispat Industries Limited,5,-
NOESISIND,BE,Noesis Industries Limited,5,GSM - Stage II
NORBTEAEXP,EQ,Norben Tea & Exports Limited,5,-
OISL,BE,OCL Iron and Steel Limited,5,-
ONELIFECAP,BE,Onelife Capital Advisors Limited,5,-
ONWARDTEC,BE,Onward Technologies Limited,5,-
ORBITCORP,BE,Orbit Corporation Limited,5,-
ORIENTALTL,BE,Oriental Trimex Limited,5,-
ORTINLABSS,BE,Ortin Laboratories Limited,5,-
PAEL,BE,PAE Limited,5,GSM - Stage I
PALREDTEC,BE,Palred Technologies Limited,5,-
PARACABLES,BE,Paramount Communications Limited,5,-
PDUMJEIND,EQ,Pudumjee Industries Limited,5,-
PEARLPOLY,BE,Pearl Polymers Limited,5,-
PETRONENGG,BE,Petron Engineering Construction Limited,5,-
PILANIINVS,BE,Pilani Investment and Industries Corporation Limited,5,-
PILITA,BE,PIL ITALICA LIFESTYLE LIMITED,5,GSM - Stage I
PIRPHYTO,BE,Piramal Phytocare Limited,5,GSM - Stage I
PNC,BE,Pritish Nandy Communications Limited,5,-
PRADIP,BE,Pradip Overseas Limited,5,-
PRAENG,EQ,Prajay Engineers Syndicate Limited,5,-
PRAKASHCON,EQ,Prakash Constrowell Limited,5,-
PRECOT,BE,Precot Meridian Limited,5,-
PREMIERPOL,EQ,Premier Polyfilm Limited,5,-
PRIMESECU,EQ,Prime Securities Limited,5,-
PROZONINTU,EQ,Prozone Intu Properties Limited,5,-
PVP,BE,PVP Ventures Limited,5,-
QUINTEGRA,EQ,Quintegra Solutions Limited,5,-
RADAAN,EQ,Radaan Mediaworks India Limited,5,-
RAINBOWPAP,EQ,Rainbow Papers Limited,5,-
RAJOIL,BE,Raj Oil Mills Limited,5,-
RAJRAYON,EQ,Raj Rayon Industries Limited,5,-
RAJVIR,EQ,Rajvir Industries Limited,5,-
RAMSARUP,BE,Ramsarup Industries Limited,5,-
RASOYPR,BE,Rasoya Proteins Limited,5,-
REFEX,EQ,Refex Industries Limited,5,-
REGENCERAM,BE,Regency Ceramics Limited,5,-
RKDL,EQ,Ravi Kumar Distilleries Limited,5,-
RMCL,BE,Radha Madhav Corporation Limited,5,-
ROHITFERRO,EQ,Rohit Ferro-Tech Limited,5,-
ROLLT,EQ,Rollatainers Limited,5,-
RUCHINFRA,BE,Ruchi Infrastructure Limited,5,-
SALONA,BE,Salona Cotspin Limited,5,-
SALSTEEL,BE,S.A.L. Steel Limited,5,-
SAMBHAAV,BE,Sambhaav Media Limited,5,-
SAMTEL,EQ,Samtel Color Limited,5,-
SANCO,BE,Sanco Industries Limited,5,-
SANWARIA,EQ,Sanwaria Agro Oils Limited,5,-
SASTASUNDR,BE,Sastasundar Ventures Limited,5,-
SEPOWER,EQ,S.E. Power Limited,5,-
SEZAL,BE,Sezal Glass Limited,5,-
SGFL,BE,Shree Ganesh Forgings Limited,5,-
SHAHALLOYS,BE,Shah Alloys Limited,5,-
SHILPI,EQ,Shilpi Cable Technologies Limited,5,NIFTY 500 Index/NIFTY MidSmallcap 400/NIFTY Smallcap 250
SHRIPISTON,BE,Shriram Pistons & Rings Limited,5,-
SIL,BE,Standard Industries Limited,5,"Transferred to trade for trade pursuant to NSE Circular NSE/CML/16300 dated November 15, 2010 (Less than 50% Non Promoter shareholding in dematerialized form)."
SIMPLEX,BE,Simplex Projects Limited,5,-
SKMEGGPROD,BE,SKM Egg Products Export (India) Limited,5,-
SOFTTECHGR,EQ,Software Technology Group International Limited,5,GSM - Stage 0
SOMATEX,BE,Soma Textiles & Industries Limited,5,-
SORILHOLD,EQ,SORIL Holdings and Ventures Limited,5,-
SPCENET,EQ,Spacenet Enterprises India Limited,5,-
SPECIALITY,BE,Speciality Restaurants Limited,5,-
SPMLINFRA,BE,SPML Infra Limited,5,-
SPYL,EQ,Shekhawati Poly-Yarn Limited,5,-
SRGINFOTEC,BE,SRG Infotec (India) Limited,5,-
SRSLTD,EQ,SRS Limited,5,-
STINDIA,EQ,STI India Limited,5,-
SUPREMETEX,EQ,Supreme Tex Mart Limited,5,-
SURANACORP,EQ,Surana Corporation Limited,5,-
SURANAIND,BE,Surana Industries Limited,5,-
TAINWALCHM,EQ,Tainwala Chemical and Plastic (I) Limited,5,-
TANTIACONS,BE,Tantia Constructions Limited,5,-
TARAPUR,BE,Tarapur Transformers Limited,5,-
TARMAT,BE,Tarmat Limited,5,-
TECHIN,BE,Techindia Nirman Limited,5,-
TEXMOPIPES,BE,Texmo Pipes and Products Limited,5,-
TFL,BE,Transwarranty Finance Limited,5,-
THOMASCOTT,BE,Thomas Scott (India) Limited,5,GSM - Stage I
TIJARIA,BE,Tijaria Polypipes Limited,5,-
TIMESGTY,BE,Times Guaranty Limited,5,-
TNTELE,BE,Tamilnadu Telecommunication Limited,5,"GSM - Stage I/Transferred to trade for trade pursuant to NSE Circular NSE/CML/16300 dated November 15, 2010 (Less than 50% Non Promoter shareholding in dematerialized form)"
TODAYS,BE,Todays Writing Instruments Limited,5,GSM - Stage 0
TRIGYN,EQ,Trigyn Technologies Limited,5,-
UBHOLDINGS,BE,United Breweries (Holdings) Limited,5,-
UMESLTD,EQ,Usha Martin Education & Solutions Limited,5,-
UNIPLY,BE,Uniply Industries Limited,5,-
UNITEDPOLY,SM,United Polyfab Gujarat Limited,5,-
URJA,BE,Urja Global Limited,5,-
USHERAGRO,EQ,Usher Agro Limited,5,-
UTTAMSUGAR,EQ,Uttam Sugar Mills Limited,5,-
UVSL,BE,Uttam Value Steels Limited,5,-
VAIBHAVGBL,BE,Vaibhav Global Limited,5,-
VENKEYS,EQ,Venky's (India) Limited,5,-
VIJIFIN,BE,Viji Finance Limited,5,GSM - Stage I
VIMALOIL,BE,Vimal Oil & Foods Limited,5,GSM - Stage I
VISUINTL,BE,Visu International Limited,5,GSM - Stage II
WANBURY,BE,Wanbury Limited,5,-
WEBELSOLAR,BE,Websol Energy System Limited,5,-
WEIZMANIND,EQ,Weizmann Limited,5,-
WELINV,EQ,Welspun Investments and Commercials Limited,5,-
WILLAMAGOR,BE,Williamson Magor & Company Limited,5,-
WIPL,BE,The Western India Plywoods Limited,5,-
ZENITHBIR,EQ,Zenith Birla (India) Limited,5,-
ZENITHEXPO,BE,Zenith Exports Limited,5,-
ZODJRDMKJ,EQ,Zodiac JRD- MKJ Limited,5,-
ZYLOG,EQ,Zylog Systems Limited,5,-
ARCHIES,EQ,Archies Limited,10,-
ASHIANA,EQ,Ashiana Housing Limited,10,-
ASSAMCO,EQ,Assam Company India Limited,10,-
AUSOMENT,EQ,Ausom Enterprise Limited,10,-
AVANTIFEED,EQ,Avanti Feeds Limited,10,-
BARTRONICS,EQ,Bartronics India Limited,10,-
BEDMUTHA,EQ,Bedmutha Industries Limited,10,-
BHANDARI,EQ,Bhandari Hosiery Exports Limited,10,-
BHARATWIRE,EQ,Bharat Wire Ropes Limited,10,-
BILPOWER,EQ,Bilpower  Limited,10,-
BSLIMITED,EQ,BS Limited,10,-
CEREBRAINT,EQ,Cerebra Integrated Technologies Limited,10,-
CREATIVE,SM,Creative Peripherals and Distribution Limited,10,-
DHUNINV,EQ,Dhunseri Investments Limited,10,-
DIAPOWER,EQ,Diamond Power Infra Ltd,10,-
EASTSILK,EQ,Eastern Silk Industries Limited,10,-
ELECTHERM,EQ,Electrotherm (India) Limited,10,-
ENERGYDEV,EQ,Energy Development Company Limited,10,-
ESL,EQ,Electrosteel Steels Limited,10,-
ESTER,EQ,Ester Industries Limited,10,-
FMNL,EQ,Future Market Networks Limited,10,-
GAL,EQ,Gyscoal Alloys Limited,10,-
GALLISPAT,EQ,Gallantt Ispat Limited,10,-
GLOBAL,SM,Global Education Limited,10,-
GROBTEA,EQ,The Grob Tea Company Limited,10,-
GTNIND,EQ,GTN Industries Limited,10,-
HBSTOCK,EQ,Hb Stockholdings Limited,10,-
HECPROJECT,SM,HEC Infra Projects Limited,10,-
HISARMETAL,EQ,Hisar Metal Industries Limited,10,-
HOVS,EQ,HOV Services Limited,10,-
HUBTOWN,EQ,Hubtown Limited,10,-
INDOSOLAR,EQ,Indosolar Limited,10,-
INDOTHAI,EQ,Indo Thai Securities Limited,10,-
INTENTECH,EQ,Intense Technologies Limited,10,-
IOLCP,EQ,IOL Chemicals and Pharmaceuticals Limited,10,-
ITDC,EQ,India Tourism Development Corporation Limited,10,-
JAYBARMARU,EQ,Jay Bharat Maruti Limited,10,-
JINDWORLD,EQ,Jindal Worldwide Limited,10,-
KANANIIND,EQ,Kanani Industries Limited,10,-
KARMAENG,EQ,Karma Energy Limited,10,-
KAUSHALYA,EQ,Kaushalya Infrastructure Development Corporation Limited,10,-
KAVVERITEL,EQ,Kavveri Telecom Products Limited,10,-
KESARENT,EQ,Kesar Enterprises Limited,10,-
KIRLOSIND,EQ,Kirloskar Industries Limited,10,-
MAANALU,EQ,Maan Aluminium Limited,10,-
MAHASTEEL,EQ,Mahamaya Steel Industries Limited,10,-
MANAKCOAT,EQ,Manaksia Coated Metals & Industries Limited,10,-
MASTEK,EQ,Mastek Limited,10,-
MSPL,EQ,MSP Steel & Power Limited,10,-
NECCLTD,EQ,North Eastern Carrying Corporation Limited,10,-
NKIND,EQ,NK Industries Limited,10,-
NTL,EQ,Neueon Towers Limited,10,-
OILCOUNTUB,EQ,Oil Country Tubular Limited,10,-
ORIENTLTD,EQ,Orient Press Limited,10,-
PATSPINLTD,EQ,Patspin India Limited,10,-
PBAINFRA,EQ,PBA Infrastructure Limited,10,-
PROVOGE,EQ,Provogue (India) Limited,10,-
REIAGROLTD,EQ,Rei Agro Limited,10,-
REMSONSIND,EQ,Remsons Industries Limited,10,-
ROSSELLIND,EQ,Rossell India Limited,10,-
SERVALL,EQ,Servalakshmi Paper Limited,10,-
SHAKTIPUMP,EQ,Shakti Pumps (India) Limited,10,-
SIMBHALS,EQ,Simbhaoli Sugars Limited,10,-
SKIL,EQ,SKIL Infrastructure Limited,10,-
SPENTEX,EQ,Spentex Industries Limited,10,-
STCINDIA,EQ,The State Trading Corporation of India Limited,10,-
STEL,EQ,Stel Holdings Limited,10,-
STERLINBIO,EQ,Sterling Biotech Limited,10,-
THEJO,SM,Thejo Engineering Limited,10,-
TIPSINDLTD,EQ,TIPS Industries Limited,10,-
TREEHOUSE,EQ,Tree House Education & Accessories Limited,10,-
TULSI,EQ,Tulsi Extrusions Limited,10,-
VALUEIND,EQ,Value Industries Limited,10,-
VASWANI,EQ,Vaswani Industries Limited,10,-
VHL,EQ,Vardhman Holdings Limited,10,-
VIDEOIND,EQ,Videocon Industries Limited,10,-
WSI,EQ,W S Industries (I) Limited,10,-
20MICRONS,EQ,20 Microns Limited,20,-
3IINFOTECH,EQ,3i Infotech Limited,20,-
3MINDIA,EQ,3M India Limited,20,-
3RDROCK,IT,3rd Rock Multimedia Limited,20,-
63MOONS,EQ,63 moons technologies limited,20,Nifty IT
8KMILES,EQ,8K Miles Software Services Limited,20,-
A2ZINFRA,EQ,A2Z Infra Engineering Limited,20,-
AARTIDRUGS,EQ,Aarti Drugs Limited,20,-
AARTIIND,EQ,Aarti Industries Limited,20,-
AARVEEDEN,EQ,Aarvee Denims & Exports Limited,20,-
ABAN,EQ,Aban Offshore Limited,20,-
ABB,EQ,ABB India Limited,20,-
ABBOTINDIA,EQ,Abbott India Limited,20,-
ABFRL,EQ,Aditya Birla Fashion and Retail Limited,20,-
ABNINT,IT,A B N Intercorp Limited,20,-
ACCELYA,EQ,Accelya Kale Solutions Limited,20,-
ACE,EQ,Action Construction Equipment Limited,20,-
ADFFOODS,EQ,ADF Foods Limited,20,-
ADHUNIK,EQ,Adhunik Metaliks Limited,20,-
ADHUNIKIND,EQ,Adhunik Industries Limited,20,-
ADLABS,EQ,Adlabs Entertainment Limited,20,-
ADORWELD,EQ,Ador Welding Limited,20,-
ADVANIHOTR,EQ,Advani Hotels & Resorts (India) Limited,20,-
ADVENZYMES,EQ,Advanced Enzyme Technologies Limited,20,NIFTY Smallcap 50/NIFTY Full Smallcap 100/NIFTY Free float Smallcap 100
AEGISCHEM,EQ,Aegis Logistics Limited,20,NIFTY Free float Smallcap 100
AGCNET,EQ,AGC Networks Limited,20,-
AGROPHOS,SM,Agro Phos India Limited,20,-
AHIMSA,SM,Ahimsa Industries Limited,20,-
AHLEAST,EQ,Asian Hotels (East) Limited,20,-
AHLUCONT,EQ,Ahluwalia Contracts (India) Limited,20,-
AHLWEST,EQ,Asian Hotels (West) Limited,20,-
AIAENG,EQ,AIA Engineering Limited,20,-
AIFL,EQ,Ashapura Intimates Fashion Limited,20,-
AJMERA,EQ,Ajmera Realty & Infra India Limited,20,-
AKASH,SM,Akash Infra Projects Limited,20,-
AKSHARCHEM,EQ,AksharChem India Limited,20,-
AKSHOPTFBR,EQ,Aksh Optifibre Limited,20,-
AKZOINDIA,EQ,Akzo Nobel India Limited,20,-
ALANKIT,EQ,Alankit Limited,20,-
ALBERTDAVD,EQ,Albert David Limited,20,-
ALCHEM,EQ,Alchemist Limited,20,-
ALEMBICLTD,EQ,Alembic Limited,20,-
ALICON,EQ,Alicon Castalloy Limited,20,-
ALKALI,EQ,Alkali Metals Limited,20,-
ALKEM,EQ,Alkem Laboratories Limited,20,-
ALKYLAMINE,EQ,Alkyl Amines Chemicals Limited,20,-
ALLCARGO,EQ,Allcargo Logistics Limited,20,-
ALLSEC,EQ,Allsec Technologies Limited,20,-
ALMONDZ,EQ,Almondz Global Securities Limited,20,-
ALOKTEXT,EQ,Alok Industries Limited,20,-
ALPHAGEO,EQ,Alphageo (India) Limited,20,-
ALPSINDUS,EQ,Alps Industries Limited,20,-
AMBIKCO,EQ,Ambika Cotton Mills Limited,20,-
AMDIND,EQ,AMD Industries Limited,20,-
AMRUTANJAN,EQ,Amrutanjan Health Care Limited,20,-
AMTEKAUTO,EQ,Amtek Auto Limited,20,-
ANANTRAJ,EQ,Anant Raj Limited,20,-
ANDHRSUGAR,EQ,The Andhra Sugars Limited,20,-
ANKITMETAL,EQ,Ankit Metal & Power Limited,20,-
ANSALHSG,EQ,Ansal Housing and Construction Limited,20,-
APARINDS,EQ,Apar Industries Limited,20,-
APCL,EQ,Anjani Portland Cement Limited,20,-
APCOTEXIND,EQ,Apcotex Industries Limited,20,-
APLAPOLLO,EQ,APL Apollo Tubes Limited,20,-
APLLTD,EQ,Alembic Pharmaceuticals Limited,20,-
APTECHT,EQ,Aptech Limited,20,-
ARCHIDPLY,EQ,Archidply Industries Limited,20,-
ARCOTECH,EQ,Arcotech Limited,20,-
ARIES,EQ,Aries Agro Limited,20,-
ARIHANTSUP,EQ,Arihant Superstructures Limited,20,-
ARMANFIN,EQ,Arman Financial Services Limited,20,-
AROGRANITE,EQ,Aro Granite Industries Limited,20,-
ARROWGREEN,EQ,Arrow Greentech Limited,20,-
ARROWTEX,EQ,Arrow Textiles Limited,20,-
ARSSINFRA,EQ,ARSS Infrastructure Projects Limited,20,-
ARTNIRMAN,SM,Art Nirman Limited,20,-
ARVSMART,EQ,Arvind SmartSpaces Limited,20,-
ASAHIINDIA,EQ,Asahi India Glass Limited,20,-
ASAHISONG,EQ,Asahi Songwon Colors Limited,20,-
ASAL,EQ,Automotive Stampings and Assemblies Limited,20,-
ASHAPURMIN,EQ,Ashapura Minechem Limited,20,-
ASHIMASYN,EQ,Ashima Limited,20,-
ASHOKA,EQ,Ashoka Buildcon Limited,20,-
ASIANHOTNR,EQ,Asian Hotels (North) Limited,20,-
ASIANTILES,EQ,Asian Granito India Limited,20,-
ASLIND,SM,ASL Industries Limited,20,-
ASTEC,EQ,Astec LifeSciences Limited,20,-
ASTRAL,EQ,Astral Poly Technik Limited,20,-
ASTRAMICRO,EQ,Astra Microwave Products Limited,20,-
ASTRAZEN,EQ,AstraZeneca Pharma India Limited,20,-
ATFL,EQ,Agro Tech Foods Limited,20,-
ATLANTA,EQ,Atlanta  Limited,20,-
ATUL,EQ,Atul Limited,20,-
ATULAUTO,EQ,Atul Auto Limited,20,-
AURIONPRO,EQ,Aurionpro Solutions Limited,20,-
AUTOAXLES,EQ,Automotive Axles Limited,20,-
AUTOIND,EQ,Autoline Industries Limited,20,-
AUTOLITIND,EQ,Autolite (India) Limited,20,-
AVSL,SM,AVSL Industries Limited,20,-
AVTNPL,EQ,AVT Natural Products Limited,20,-
AXISCADES,EQ,AXISCADES Engineering Technologies Limited,20,-
AXISGOLD,EQ,Axis Mutual Fund - Axis Gold ETF,20,-
AYMSYNTEX,EQ,AYM Syntex Limited,20,-
BAFNAPHARM,EQ,Bafna Pharmaceuticals Limited,20,-
BAGFILMS,EQ,B.A.G Films and Media Limited,20,-
BAJAJCORP,EQ,Bajaj Corp Limited,20,-
BAJAJELEC,EQ,Bajaj Electricals Limited,20,-
BAJAJHIND,EQ,Bajaj Hindusthan Sugar Limited,20,-
BAJAJHLDNG,EQ,Bajaj Holdings & Investment Limited,20,-
BALAJITELE,EQ,Balaji Telefilms Limited,20,-
BALAMINES,EQ,Balaji Amines Limited,20,-
BALKRISHNA,EQ,Balkrishna Paper Mills Limited,20,-
BALLARPUR,EQ,Ballarpur Industries Limited,20,-
BALMLAWRIE,EQ,Balmer Lawrie & Company Limited,20,-
BALPHARMA,EQ,Bal Pharma Limited,20,-
BANARISUG,EQ,Bannari Amman Sugars Limited,20,-
BANCOINDIA,EQ,Banco Products (I) Limited,20,-
BANKBEES,EQ,Reliance ETF Bank BeES,20,-
BANSWRAS,EQ,Banswara Syntex Limited,20,-
BASF,EQ,BASF India Limited,20,-
BASML,EQ,Bannari Amman Spinning Mills Limited,20,-
BAYERCROP,EQ,Bayer Cropscience Limited,20,-
BBL,EQ,Bharat Bijlee Limited,20,-
BBTC,EQ,Bombay Burmah Trading Corporation Limited,20,NIFTY Free float Smallcap 100
BEPL,EQ,Bhansali Engineering Polymers Limited,20,-
BFINVEST,EQ,BF Investment Limited,20,-
BFUTILITIE,EQ,BF Utilities Limited,20,-
BGRENERGY,EQ,BGR Energy Systems Limited,20,-
BHAGERIA,EQ,Bhageria Industries Limited,20,-
BHALCHANDR,IT,Bhalchandram Clothing Limited,20,-
BHARATGEAR,EQ,Bharat Gears Limited,20,-
BHARATRAS,EQ,Bharat Rasayan Limited,20,-
BHUSANSTL,EQ,Bhushan Steel Limited,20,-
BIGBLOC,EQ,Bigbloc Construction Limited,20,-
BIL,EQ,Bhartiya International Limited,20,-
BINANIIND,EQ,Binani Industries Limited,20,-
BINDALAGRO,EQ,Oswal Chemicals & Fertilizers Limited,20,-
BIRLACABLE,EQ,Birla Cable Limited,20,-
BIRLACORPN,EQ,Birla Corporation Limited,20,-
BLISSGVS,EQ,Bliss GVS Pharma Limited,20,-
BLKASHYAP,EQ,B. L. Kashyap and Sons Limited,20,-
BLUEBLENDS,EQ,Blue Blends (I) Limited,20,-
BLUEDART,EQ,Blue Dart Express Limited,20,-
BLUESTARCO,EQ,Blue Star Limited,20,-
BODALCHEM,EQ,Bodal Chemicals Limited,20,-
BOHRA,SM,Bohra Industries Limited,20,-
BOMDYEING,EQ,Bombay Dyeing & Mfg Company Limited,20,-
BPL,EQ,Bpl Limited,20,-
BRFL,EQ,Bombay Rayon Fashions Limited,20,-
BRIGADE,EQ,Brigade Enterprises Limited,20,-
BROOKS,EQ,Brooks Laboratories Limited,20,-
BSE,EQ,BSE Limited,20,-
BSL,EQ,BSL Limited,20,-
BSLGOLDETF,EQ,Birla Sun Life Mutual Fund - Birla Sun Life Gold ETF - Growth,20,-
BSLNIFTY,EQ,Birla Sun Life Mutual Fund - Birla Sun Life Nifty ETF - Growth,20,-
BURNPUR,EQ,Burnpur Cement Limited,20,-
BUTTERFLY,EQ,Butterfly Gandhimathi Appliances Limited,20,-
BYKE,EQ,The Byke Hospitality Ltd,20,-
CAMLINFINE,EQ,Camlin Fine Sciences Limited,20,-
CANTABIL,EQ,Cantabil Retail India Limited,20,-
CAPCO,IT,Capco Industries Limited,20,-
CAPLIPOINT,EQ,Caplin Point Laboratories Limited,20,-
CAPTRUST,EQ,Capital Trust Limited,20,-
CARBORUNIV,EQ,Carborundum Universal Limited,20,-
CAREERP,EQ,Career Point Limited,20,-
CARERATING,EQ,Credit Analysis And Research Limited,20,-
CASTEXTECH,EQ,Castex Technologies Limited,20,-
CCHHL,EQ,Country Club Hospitality & Holidays Limited,20,-
CCL,EQ,CCL Products (India) Limited,20,-
CEBBCO,EQ,Commercial Engineers & Body Builders Co Limited,20,-
CELEBRITY,EQ,Celebrity Fashions Limited,20,-
CELESTIAL,EQ,Celestial Biolabs Limited,20,-
CENTENKA,EQ,Century Enka Limited,20,-
CENTRALBK,EQ,Central Bank of India,20,-
CENTUM,EQ,Centum Electronics Limited,20,-
CENTURYPLY,EQ,Century Plyboards (India) Limited,20,-
CERA,EQ,Cera Sanitaryware Limited,20,-
CGCL,EQ,Capri Global Capital Limited,20,-
CHAMBLFERT,EQ,Chambal Fertilizers & Chemicals Limited,20,-
CHENNPETRO,EQ,Chennai Petroleum Corporation Limited,20,-
CHROMATIC,EQ,Chromatic India Limited,20,-
CIGNITITEC,EQ,Cigniti Technologies Limited,20,-
CINELINE,EQ,Cineline India Limited,20,-
CKPPRODUCT,SM,CKP Products Limited,20,-
CLEDUCATE,EQ,CL Educate Limited,20,-
CLNINDIA,EQ,Clariant Chemicals (India) Limited,20,-
CMICABLES,EQ,CMI Limited,20,-
CNOVAPETRO,EQ,CIL Nova Petrochemicals Limited,20,-
COFFEEDAY,EQ,Coffee Day Enterprises Limited,20,-
COMPINFO,EQ,Compuage Infocom Limited,20,-
COMPUSOFT,EQ,Compucom Software Limited,20,-
CONSOFINVT,EQ,Consolidated Finvest & Holdings Limited,20,-
CONTROLPR,EQ,Control Print Limited,20,-
CORDSCABLE,EQ,Cords Cable Industries Limited,20,-
COROMANDEL,EQ,Coromandel International Limited,20,Nifty Alpha 50 Index
CORPBANK,EQ,Corporation Bank,20,-
COSMOFILMS,EQ,Cosmo Films Limited,20,-
COUNCODOS,EQ,Country Condo's Limited,20,-
COX&KINGS,EQ,Cox & Kings Limited,20,-
CPSEETF,EQ,CPSE ETF,20,-
CRISIL,EQ,CRISIL Limited,20,-
CRMFGETF,EQ,Canara Robeco Mutual Fund - Canara Robeco - Gold ETF,20,-
CROMPTON,EQ,Crompton Greaves Consumer Electricals Limited,20,NIFTY MidSmallcap 400
CUB,EQ,City Union Bank Limited,20,NIFTY 200/NIFTY Full Midcap 100
CUPID,EQ,Cupid Limited,20,-
CYBERTECH,EQ,Cybertech Systems And Software Limited,20,-
CYIENT,EQ,Cyient Limited,20,-
DAAWAT,EQ,LT Foods Limited,20,-
DALMIASUG,EQ,Dalmia Bharat Sugar and Industries Limited,20,-
DAMODARIND,EQ,Damodar Industries Limited,20,-
DATAMATICS,EQ,Datamatics Global Services Limited,20,-
DBCORP,EQ,D.B.Corp Limited,20,-
DBL,EQ,Dilip Buildcon Limited,20,NIFTY 500 Index/NIFTY Full Smallcap 100/ NIFTY MidSmallcap 400
DBREALTY,EQ,D B Realty Limited,20,-
DCM,EQ,DCM  Limited,20,-
DCMSHRIRAM,EQ,DCM Shriram Limited,20,-
DCW,EQ,DCW Limited,20,-
DECCANCE,EQ,Deccan Cements Limited,20,-
DEEPAKFERT,EQ,Deepak Fertilizers And Petrochemicals Corporation Limited,20,-
DEEPAKNTR,EQ,Deepak Nitrite Limited,20,-
DEEPIND,EQ,Deep Industries Limited,20,-
DELTACORP,EQ,Delta Corp Limited,20,Nifty High Beta 50 Index
DEN,EQ,Den Networks Limited,20,-
DENABANK,EQ,Dena Bank,20,-
DENORA,EQ,De Nora India Limited,20,-
DEVIT,SM,Dev Information Technology Limited,20,-
DFMFOODS,EQ,DFM Foods Limited,20,-
DHAMPURSUG,EQ,Dhampur Sugar Mills Limited,20,-
DHANBANK,EQ,Dhanlaxmi Bank Limited,20,-
DHANUKA,EQ,Dhanuka Agritech Limited,20,-
DHARSUGAR,EQ,Dharani Sugars & Chemicals Limited,20,-
DICIND,EQ,DIC India Limited,20,-
DIGJAMLTD,EQ,Digjam Limited,20,-
DISHMAN,EQ,Dishman Pharmaceuticals and Chemicals Limited,20,-
DLINKINDIA,EQ,D-Link (India) Limited,20,-
DMART,EQ,Avenue Supermarts Limited,20,-
DOLPHINOFF,EQ,Dolphin Offshore Enterprises (India) Limited,20,-
DONEAR,EQ,Donear Industries Limited,20,-
DPL,EQ,Dhunseri Petrochem Limited,20,-
DPSCLTD,EQ,DPSC Limited,20,-
DREDGECORP,EQ,Dredging Corporation of India Limited,20,-
DRL,SM,Dhanuka Realty Limited,20,-
DTIL,EQ,Dhunseri Tea & Industries Limited,20,-
DWARKESH,EQ,Dwarikesh Sugar Industries Limited,20,-
DYNAMATECH,EQ,Dynamatic Technologies Limited,20,-
EBANK,EQ,Edelweiss ETF - Nifty Bank,20,-
ECEIND,EQ,ECE Industries Limited,20,-
ECLERX,EQ,eClerx Services Limited,20,-
EDELWEISS,EQ,Edelweiss Financial Services Limited,20,Nifty High Beta 50 Index
EDL,EQ,Empee Distilleries Limited,20,-
EDUCOMP,EQ,Educomp Solutions Limited,20,-
EIDPARRY,EQ,EID Parry India Limited,20,-
EIFFL,SM,Euro India Fresh Foods Limited,20,-
EIHAHOTELS,EQ,EIH Associated Hotels Limited,20,-
EIHOTEL,EQ,EIH Limited,20,-
EKC,EQ,Everest Kanto Cylinder Limited,20,-
ELAND,EQ,E-Land Apparel Limited,20,-
ELECON,EQ,Elecon Engineering Company Limited,20,-
ELECTCAST,EQ,Electrosteel Castings Limited,20,-
ELECTCAST,W1,Electrosteel Castings Limited,20,-
ELGIEQUIP,EQ,Elgi Equipments Limited,20,-
ELGIRUBCO,EQ,Elgi Rubber Company Limited,20,-
ELITE,IT,Elite Conductors Limited,20,-
EMAMILTD,EQ,Emami Limited,20,-
EMCO,EQ,Emco Limited,20,-
EMKAY,EQ,Emkay Global Financial Services Limited,20,-
EMKAYTOOLS,SM,Emkay Taps and Cutting Tools Limited,20,-
EMMBI,EQ,Emmbi Industries Limited,20,-
ENDURANCE,EQ,Endurance Technologies Limited,20,NIFTY 500 Index/ NIFTY Midcap 150/ NIFTY 200/ NIFTY Free float Smallcap 100/NIFTY MidSmallcap 400/ NIFTY Full Midcap 100
ENIL,EQ,Entertainment Network (India) Limited,20,-
EON,EQ,Eon Electric Limited,20,-
EQ30,EQ,Edelweiss Mutual Fund - Edelweiss ETF - Nifty Quality 30,20,-
EROSMEDIA,EQ,Eros International Media Limited,20,-
ESABINDIA,EQ,Esab India Limited,20,-
ESSARSHPNG,EQ,Essar Shipping Limited,20,-
ESSELPACK,EQ,Essel Propack Limited,20,-
EUROTEXIND,EQ,Eurotex Industries and Exports Limited,20,-
EVEREADY,EQ,Eveready Industries India Limited,20,-
EVERESTIND,EQ,Everest Industries Limited,20,-
EXCEL,EQ,Excel Realty N Infra Limited,20,-
EXCELCROP,EQ,Excel Crop Care Limited,20,-
EXCELINDUS,EQ,Excel Industries Limited,20,-
FAGBEARING,EQ,FAG Bearings India Limited,20,-
FAIRCHEM,EQ,Fairchem Speciality Limited,20,-
FCL,EQ,Fineotex Chemical Limited,20,-
FCONSUMER,EQ,Future Consumer Limited,20,-
FDC,EQ,FDC Limited,20,-
FEDDERLOYD,EQ,Fedders Lloyd Corporation Limited,20,-
FEL,EQ,Future Enterprises Limited,20,-
FELDVR,EQ,Future Enterprises Limited,20,-
FIEMIND,EQ,Fiem Industries Limited,20,-
FILATEX,EQ,Filatex India Limited,20,-
FINCABLES,EQ,Finolex Cables Limited,20,-
FINPIPE,EQ,Finolex Industries Limited,20,-
FLEXITUFF,EQ,Flexituff International Limited,20,-
FLFL,EQ,Future Lifestyle Fashions Limited,20,-
FMGOETZE,EQ,Federal-Mogul Goetze (India) Limited.,20,NIFTY 500 Index/NIFTY MidSmallcap 400
FOSECOIND,EQ,Foseco India Limited,20,-
FOURTHDIM,SM,Fourth Dimension Solutions Limited,20,-
FRETAIL,EQ,Future Retail Limited,20,NIFTY 500 Index/NIFTY Smallcap 250/NIFTY MidSmallcap 400
FROGCELL,IT,Frog Cellsat Limited,20,-
FSL,EQ,Firstsource Solutions Limited,20,-
GABRIEL,EQ,Gabriel India Limited,20,-
GAEL,EQ,Gujarat Ambuja Exports Limited,20,-
GALLANTT,EQ,Gallantt Metal Limited,20,-
GAMMNINFRA,EQ,Gammon Infrastructure Projects Limited,20,-
GAMMONIND,EQ,Gammon India Limited,20,-
GANDHITUBE,EQ,Gandhi Special Tubes Limited,20,-
GANECOS,EQ,Ganesha Ecosphere Limited,20,-
GANESHHOUC,EQ,Ganesh Housing Corporation Limited,20,-
GARDENSILK,EQ,Garden Silk Mills Limited,20,-
GARWALLROP,EQ,Garware  Wall Ropes Limited,20,-
GATI,EQ,GATI Limited,20,-
GAYAPROJ,EQ,Gayatri Projects Limited,20,-
GDL,EQ,Gateway Distriparks Limited,20,-
GEECEE,EQ,GeeCee Ventures Limited,20,-
GENESYS,EQ,Genesys International Corporation Limited,20,-
GENUSPAPER,EQ,Genus Paper & Boards Limited,20,-
GENUSPOWER,EQ,Genus Power Infrastructures Limited,20,-
GEOJITFSL,EQ,Geojit Financial Services Limited,20,-
GEPIL,EQ,GE Power India Limited,20,-
GESHIP,EQ,The Great Eastern Shipping Company Limited,20,-
GET&D,EQ,GE T&D India Limited,20,-
GHCL,EQ,GHCL Limited,20,NIFTY 500 Index/NIFTY Full Smallcap 100/NIFTY MidSmallcap 400/NIFTY Smallcap 250
GICHSGFIN,EQ,GIC Housing Finance Limited,20,-
GICL,SM,Globe International Carriers Limited,20,-
GILLANDERS,EQ,Gillanders Arbuthnot & Company Limited,20,-
GILLETTE,EQ,Gillette India Limited,20,-
GINNIFILA,EQ,Ginni Filaments Limited,20,-
GIPCL,EQ,Gujarat Industries Power Company Limited,20,-
GIRRESORTS,IT,GIR Natureview Resorts Limited,20,-
GITANJALI,EQ,Gitanjali Gems Limited,20,-
GKWLIMITED,EQ,GKW Limited,20,-
GLAXO,EQ,GlaxoSmithKline Pharmaceuticals Limited,20,-
GLOBALVECT,EQ,Global Vectra Helicorp Limited,20,-
GLOBUSSPR,EQ,Globus Spirits Limited,20,-
GMBREW,EQ,GM Breweries Limited,20,-
GMDCLTD,EQ,Gujarat Mineral Development Corporation Limited,20,Nifty PSE Index
GNA,EQ,GNA Axles Limited,20,-
GNFC,EQ,Gujarat Narmada Valley Fertilizers and Chemicals Limited,20,NIFTY 500 Index/NIFTY Full Smallcap 100/NIFTY Smallcap 250/NIFTY MidSmallcap 400
GOACARBON,EQ,Goa Carbon Limited,20,-
GOCLCORP,EQ,GOCL Corporation Limited,20,-
GODREJPROP,EQ,Godrej Properties Limited,20,-
GOKULAGRO,EQ,Gokul Agro Resources Limited,20,-
GOLDBEES,EQ,Reliance ETF Gold BeES,20,-
GOLDIAM,EQ,Goldiam International Limited,20,-
GOLDIWIN,EQ,ICICI Prudential Gold iWIN ETF,20,-
GOLDSHARE,EQ,UTI Mutual Fund - UTI Gold Exchange Traded Fund,20,-
GOODLUCK,EQ,Goodluck India Limited,20,-
GPIL,EQ,Godawari Power And Ispat limited,20,-
GPPL,EQ,Gujarat Pipavav Port Limited,20,-
GPTINFRA,EQ,GPT Infraprojects Limited,20,-
GRAPHITE,EQ,Graphite India Limited,20,-
GRAVITA,EQ,Gravita India Limited,20,-
GREAVESCOT,EQ,Greaves Cotton Limited,20,-
GREENLAM,EQ,Greenlam Industries Limited,20,-
GREENPLY,EQ,Greenply Industries Limited,20,-
GREENPOWER,EQ,Orient Green Power Company Limited,20,-
GRETEX,SM,Gretex Industries Limited,20,-
GRINDWELL,EQ,Grindwell Norton Limited,20,-
GRPLTD,EQ,GRP Limited,20,-
GRUH,EQ,Gruh Finance Limited,20,-
GSCLCEMENT,EQ,Gujarat Sidhee Cement Limited,20,-
GSKCONS,EQ,GlaxoSmithKline Consumer Healthcare Limited,20,NIFTY Low Volatility 50 Index
GSPL,EQ,Gujarat State Petronet Limited,20,-
GSS,EQ,GSS Infotech Limited,20,-
GTL,EQ,GTL Limited,20,-
GTLINFRA,EQ,GTL Infrastructure Limited,20,-
GTOFFSHORE,EQ,GOL Offshore Limited,20,-
GUFICBIO,EQ,Gufic Biosciences Limited,20,-
GUJALKALI,EQ,Gujarat Alkalies and Chemicals Limited,20,NIFTY 500 Index/NIFTY Smallcap 250/NIFTY MidSmallcap 400
GUJAPOLLO,EQ,Gujarat Apollo Industries Limited,20,-
GUJFLUORO,EQ,Gujarat Fluorochemicals Limited,20,-
GUJGASLTD,EQ,Gujarat Gas Limited,20,-
GUJNRECOKE,EQ,Gujarat NRE Coke Limited,20,-
GUJNRECOKE,W1,Gujarat NRE Coke Limited,20,-
GUJNREDVR,EQ,Gujarat NRE Coke Limited,20,-
GULFOILLUB,EQ,Gulf Oil Lubricants India Limited,20,-
GULFPETRO,EQ,GP Petroleums Limited,20,-
GULPOLY,EQ,Gulshan Polyols Limited,20,-
GVKPIL,EQ,GVK Power & Infrastructure Limited,20,-
HANUNG,EQ,Hanung Toys and Textiles Limited,20,-
HARITASEAT,EQ,Harita Seating Systems Limited,20,-
HARRMALAYA,EQ,Harrisons  Malayalam Limited,20,-
HATHWAY,EQ,Hathway Cable & Datacom Limited,20,-
HATSUN,EQ,Hatsun Agro Product Limited,20,-
HBLPOWER,EQ,HBL Power Systems Limited,20,-
HCG,EQ,Healthcare Global Enterprises Limited,20,-
HCL-INSYS,EQ,HCL Infosystems Limited,20,-
HDFCMFGETF,EQ,HDFC Mutual Fund-HDFC Gold Exchange Traded Fund,20,-
HDFCNIFETF,EQ,HDFC Mutual Fund - HDFC Nifty ETF,20,-
HDFCSENETF,EQ,HDFC Mutual Fund - HDFC SENSEX ETF,20,-
HEG,EQ,HEG Limited,20,-
HEIDELBERG,EQ,HeidelbergCement India Limited,20,-
HERCULES,EQ,Hercules Hoists Limited,20,-
HERITGFOOD,EQ,Heritage Foods Limited,20,-
HESTERBIO,EQ,Hester Biosciences Limited,20,-
HEXATRADEX,EQ,Hexa Tradex Limited,20,-
HFCL,EQ,Himachal Futuristic Communications Limited,20,-
HGS,EQ,Hinduja Global Solutions Limited,20,-
HIGHGROUND,EQ,High Ground Enterprise Limited,20,-
HIKAL,EQ,Hikal Limited,20,-
HIL,EQ,HIL Limited,20,-
HILTON,EQ,Hilton Metal Forging Limited,20,-
HIMATSEIDE,EQ,Himatsingka Seide Limited,20,-
HINDCOMPOS,EQ,Hindustan Composites Limited,20,-
HINDCOPPER,EQ,Hindustan Copper Limited,20,-
HINDMOTORS,EQ,Hindustan Motors Limited,20,-
HINDNATGLS,EQ,Hindusthan National Glass & Industries Limited,20,-
HINDOILEXP,EQ,Hindustan Oil Exploration Company Limited,20,-
HINDUJAFO,EQ,Hinduja Foundries Limited,20,-
HINDUJAVEN,EQ,Hinduja Ventures Limited,20,-
HIRECT,EQ,Hind Rectifiers Limited,20,-
HITECHCORP,EQ,Hitech Corporation Limited,20,-
HITECHGEAR,EQ,The Hi-Tech Gears Limited,20,-
HMVL,EQ,Hindustan Media Ventures Limited,20,-
HNGSNGBEES,EQ,Reliance ETF Hang Seng BeES,20,-
HONAUT,EQ,Honeywell Automation India Limited,20,-
HONDAPOWER,EQ,Honda Siel Power Products Limited,20,-
HOTELEELA,EQ,Hotel Leela Venture Limited,20,-
HPL,EQ,HPL Electric & Power Limited,20,-
HSCL,EQ,Himadri Speciality Chemical Limited,20,-
HSIL,EQ,HSIL Limited,20,-
HTMEDIA,EQ,HT Media Limited,20,-
HUDCO,EQ,Housing & Urban Development Corporation Limited,20,-
HUSYSLTD,SM,Husys Consulting Limited,20,-
ICICIPRULI,EQ,ICICI Prudential Life Insurance Company Limited,20,NIFTY 500 Index/NIFTY 100/NIFTY 200/NIFTY Free float Midcap 100/NIFTY Next 50
ICRA,EQ,ICRA Limited,20,-
ICSA,EQ,ICSA (India) Limited,20,-
IDBIGOLD,EQ,IDBI Mutual Fund - IDBI Gold Exchange Traded Fund,20,-
IDFNIFTYET,EQ,IDFC Mutual Fund - IDFC Nifty ETF,20,-
IFBAGRO,EQ,IFB Agro Industries Limited,20,-
IFBIND,EQ,IFB Industries Limited,20,-
IFGLREFRAC,EQ,IFGL Refractories Limited,20,-
IGARASHI,EQ,Igarashi Motors India Limited,20,-
IGPL,EQ,IG Petrochemicals Limited,20,-
IIFL,EQ,IIFL Holdings Limited,20,-
IL&FSENGG,EQ,IL&FS Engineering and Construction Company Limited,20,-
IL&FSTRANS,EQ,IL&FS Transportation Networks Limited,20,-
IMPAL,EQ,India Motor Parts and Accessories Limited,20,-
INDBANK,EQ,Indbank Merchant Banking Services Limited,20,-
INDHOTEL,EQ,The Indian Hotels Company Limited,20,-
INDIAGLYCO,EQ,India Glycols Limited,20,-
INDIANCARD,EQ,Indian Card Clothing Company Limited,20,-
INDIANHUME,EQ,Indian Hume Pipe Company Limited,20,-
INDLMETER,EQ,IMP Powers Limited,20,-
INDNIPPON,EQ,India Nippon Electricals Limited,20,-
INDOCO,EQ,Indoco Remedies Limited,20,-
INDORAMA,EQ,Indo Rama Synthetics (India) Limited,20,-
INDOTECH,EQ,Indo Tech Transformers Limited,20,-
INDRAMEDCO,EQ,Indraprastha Medical Corporation Limited,20,-
INDSWFTLAB,EQ,Ind-Swift Laboratories Limited,20,-
INDTERRAIN,EQ,Indian Terrain Fashions Limited,20,-
INEOSSTYRO,EQ,INEOS Styrolution India Limited,20,-
INFINITE,EQ,Infinite Computer Solutions (India) Limited,20,-
INFOBEAN,SM,InfoBeans Techno. Ltd.,20,-
INFRABEES,EQ,Reliance ETF Infra BeES,20,-
INGERRAND,EQ,Ingersoll Rand (India) Limited,20,-
INOXLEISUR,EQ,INOX Leisure Limited,20,-
INOXWIND,EQ,Inox Wind Limited,20,NIFTY Smallcap 250
INSECTICID,EQ,Insecticides (India) Limited,20,-
INTELLECT,EQ,Intellect Design Arena Limited,20,-
INVENTURE,EQ,Inventure Growth & Securities Limited,20,-
IOB,EQ,Indian Overseas Bank,20,-
IPAPPM,EQ,International Paper APPM Limited,20,-
IPCALAB,EQ,IPCA Laboratories Limited,20,-
IRBINVIT,IV,IRB InvIT Fund,20,-
ISFT,EQ,Intrasoft Technologies Limited,20,-
ISMTLTD,EQ,ISMT Limited,20,-
ITDCEM,EQ,ITD Cementation India Limited,20,-
IVC,EQ,IL&FS Investment Managers Limited,20,-
IVP,EQ,IVP Limited,20,-
IVRCLINFRA,EQ,IVRCL Limited,20,-
IVZINGOLD,EQ,Invesco India Gold Exchange Traded Fund,20,-
IVZINNIFTY,EQ,Invesco India Nifty Exchange Traded Fund,20,-
IZMO,EQ,IZMO Limited,20,-
J&KBANK,EQ,The Jammu & Kashmir Bank Limited,20,-
JAGRAN,EQ,Jagran Prakashan Limited,20,-
JAGSNPHARM,EQ,Jagsonpal Pharmaceuticals Limited,20,-
JAICORPLTD,EQ,Jai Corp Limited,20,-
JAMNAAUTO,EQ,Jamna Auto Industries Limited,20,-
JAYAGROGN,EQ,Jayant Agro Organics Limited,20,-
JAYNECOIND,EQ,Jayaswal Neco Industries Limited,20,-
JAYSREETEA,EQ,Jayshree Tea & Industries Limited,20,-
JBCHEPHARM,EQ,JB Chemicals & Pharmaceuticals Limited,20,-
JBFIND,EQ,JBF Industries Limited,20,-
JBMA,EQ,JBM Auto Limited,20,-
JCHAC,EQ,Johnson Controls  Hitachi Air Conditioning India Limited,20,-
JETKNIT,SM,Jet Knitwears Limited,20,-
JINDALPOLY,EQ,Jindal Poly Films Limited,20,-
JINDALSAW,EQ,Jindal Saw Limited,20,-
JINDCOT,EQ,Jindal Cotex Limited,20,-
JINDRILL,EQ,Jindal Drilling And Industries Limited,20,-
JISLDVREQS,EQ,Jain Irrigation Systems Limited,20,-
JKCEMENT,EQ,JK Cement Limited,20,-
JKIL,EQ,J.Kumar Infraprojects Limited,20,-
JKLAKSHMI,EQ,JK Lakshmi Cement Limited,20,-
JKPAPER,EQ,JK Paper Limited,20,-
JKTYRE,EQ,JK Tyre & Industries Limited,20,-
JMA,EQ,Jullundur Motor Agency (Delhi) Limited,20,-
JMCPROJECT,EQ,JMC Projects (India)  Limited,20,-
JMFINANCIL,EQ,JM Financial Limited,20,Nifty Alpha 50 Index
JMTAUTOLTD,EQ,JMT Auto Limited,20,-
JOCIL,EQ,Jocil Limited,20,-
JPINFRATEC,EQ,Jaypee Infratech Limited,20,-
JPOLYINVST,EQ,Jindal Poly Investment and Finance Company Limited,20,-
JPPOWER,EQ,Jaiprakash Power Ventures Limited,20,-
JSL,EQ,Jindal Stainless Limited,20,-
JSLHISAR,EQ,Jindal Stainless (Hisar) Limited,20,-
JSWHL,EQ,JSW Holdings Limited,20,-
JUBILANT,EQ,Jubilant Life Sciences Limited,20,NIFTY High Beta 50 Index
JUBLINDS,EQ,Jubilant Industries Limited,20,-
JUNIORBEES,EQ,Reliance ETF Junior BeES,20,-
JVLAGRO,EQ,JVL Agro Industries Limited,20,-
JYOTHYLAB,EQ,Jyothy Laboratories Limited,20,-
JYOTISTRUC,EQ,Jyoti Structures Limited,20,-
KABRAEXTRU,EQ,Kabra Extrusion Technik Limited,20,-
KAKATCEM,EQ,Kakatiya Cement Sugar & Industries Limited,20,-
KALPATPOWR,EQ,Kalpataru Power Transmission Limited,20,-
KAMATHOTEL,EQ,Kamat Hotels (I) Limited,20,-
KAMDHENU,EQ,Kamdhenu Limited,20,-
KANORICHEM,EQ,Kanoria Chemicals & Industries Limited,20,-
KANSAINER,EQ,Kansai Nerolac Paints Limited,20,-
KARURVYSYA,EQ,Karur Vysya Bank Limited,20,NIFTY Low Volatility 50 Index
KAWIRES,IT,K A Wires Limited,20,-
KAYA,EQ,Kaya Limited,20,-
KCP,EQ,KCP Limited,20,-
KCPSUGIND,EQ,KCP Sugar and Industries Corporation Limited,20,-
KDDL,EQ,KDDL Limited,20,-
KEC,EQ,KEC International Limited,20,-
KECL,EQ,Kirloskar Electric Company Limited,20,-
KEI,EQ,KEI Industries Limited,20,-
KELLTONTEC,EQ,Kellton Tech Solutions Limited,20,-
KESORAMIND,EQ,Kesoram Industries Limited,20,-
KGL,EQ,Karuturi Global Limited,20,-
KICL,EQ,Kalyani Investment Company Limited,20,-
KINGFA,EQ,Kingfa Science & Technology (India) Limited,20,-
KIRIINDUS,EQ,Kiri Industries Limited,20,-
KIRLOSBROS,EQ,Kirloskar Brothers Limited,20,-
KIRLOSENG,EQ,Kirloskar Oil Engines Limited,20,-
KITEX,EQ,Kitex Garments Limited,20,-
KKCL,EQ,Kewal Kiran Clothing Limited,20,-
KKVAPOW,SM,KKV Agro Powers Limited,20,-
KMSUGAR,EQ,K.M.Sugar Mills Limited,20,-
KNRCON,EQ,KNR Constructions Limited,20,NIFTY 500 Index/NIFTY MidSmallcap 400/NIFTY Smallcap 250
KOHINOOR,EQ,Kohinoor Foods Limited,20,-
KOKUYOCMLN,EQ,Kokuyo Camlin Limited,20,-
KOLTEPATIL,EQ,Kolte - Patil Developers Limited,20,-
KOPRAN,EQ,Kopran Limited,20,-
KOTAKBKETF,EQ,Kotak Mahindra MF - Kotak Banking ETF - Dividend Payout Option,20,-
KOTAKGOLD,EQ,Kotak Mutual Fund - Gold Exchange Traded Fund,20,-
KOTAKNIFTY,EQ,Kotak Mahindra Mutual Fund-Kotak Nifty ETF,20,-
KOTAKNV20,EQ,Kotak Mahindra MF - Kotak NV 20 ETF - DPO,20,-
KOTAKPSUBK,EQ,Kotak Mahindra Mutual Fund,20,-
KOTARISUG,EQ,Kothari Sugars And Chemicals Limited,20,-
KOTHARIPET,EQ,Kothari Petrochemicals Limited,20,-
KOTHARIPRO,EQ,Kothari Products Limited,20,-
KPRMILL,EQ,K.P.R. Mill Limited,20,-
KRBL,EQ,KRBL Limited,20,-
KRISHANA,SM,Krishana Phoschem Limited,20,-
KSBPUMPS,EQ,KSB Pumps Limited,20,-
KSL,EQ,Kalyani Steels Limited,20,-
KTIL,EQ,Kesar Terminals & Infrastructure Limited,20,-
KWALITY,EQ,kwality limited,20,-
LAKPRE,EQ,Lakshmi Precision Screws Limited,20,-
LAKSHMIEFL,EQ,Lakshmi Energy and Foods Limited,20,-
LAKSHVILAS,EQ,Lakshmi Vilas Bank Limited,20,Nifty Alpha 50 Index
LALPATHLAB,EQ,Dr. Lal Path Labs Ltd.,20,NIFTY 200/NIFTY Full Midcap 100
LAMBODHARA,EQ,Lambodhara Textiles Limited,20,-
LAOPALA,EQ,La Opala RG Limited,20,-
LAURUSLABS,EQ,Laurus Labs Limited,20,-
LAXMICOT,SM,Laxmi Cotspin Limited,20,-
LAXMIMACH,EQ,Lakshmi Machine Works Limited,20,-
LGBBROSLTD,EQ,LG Balakrishnan & Bros Limited,20,-
LIBAS,SM,Libas Designs Limited,20,-
LIBERTSHOE,EQ,Liberty Shoes Limited,20,-
LICNETFGSC,EQ,LIC MF - LIC MF G-sec LT ETF - GO,20,-
LICNETFN50,EQ,LIC MF - LIC MF EXCHANGE TRADED FUND - NIFTY 50,20,-
LICNETFSEN,EQ,LIC Mutual Fund - LIC MF EXCHANGE TRADED FUND - SENSEX,20,-
LICNFNHGP,EQ,LIC MF - LIC MF ETF - Nifty 100,20,-
LINCOLN,EQ,Lincoln Pharmaceuticals Limited,20,-
LINCPEN,EQ,Linc Pen & Plastics Limited,20,-
LINDEINDIA,EQ,Linde India Limited,20,-
LITL,EQ,Lanco Infratech Limited,20,-
LLOYDELENG,EQ,Lloyd Electric & Engineering Limited,20,-
LML,EQ,LML Limited,20,-
LOKESHMACH,EQ,Lokesh Machines Limited,20,-
LOTUSEYE,EQ,Lotus Eye Care Hospital Limited,20,-
LOVABLE,EQ,Lovable Lingerie Limited,20,-
LPDC,EQ,Landmark Property Development Company Limited,20,-
LSIL,EQ,Lloyds Steels Industries Limited,20,-
LTI,EQ,Larsen & Toubro Infotech Limited,20,NIFTY 500 Index/NIFTY MidSmallcap 400/NIFTY Midcap 150
LTTS,EQ,L&T Technology Services Limited,20,NIFTY 500 Index/NIFTY Full Midcap 100/NIFTY MidSmallcap 400/NIFTY 200/NIFTY Midcap 150
LUMAXIND,EQ,Lumax Industries Limited,20,-
LUMAXTECH,EQ,Lumax Auto Technologies Limited,20,-
LUXIND,EQ,Lux Industries Limited,20,-
LYKALABS,EQ,Lyka Labs Limited,20,-
LYPSAGEMS,EQ,Lypsa Gems & Jewellery Limited,20,-
M100,EQ,Motilal Oswal Mutual Fund - Motilal Oswal MOSt Shares M100 ETF GO,20,-
M50,EQ,Motilal Oswal Mutual Fund - Motilal Oswal MOSt Shares M50 ETF,20,-
MADHAV,EQ,Madhav Marbles and Granites Limited,20,-
MADHUCON,EQ,Madhucon Projects Limited,20,-
MAGMA,EQ,Magma Fincorp Limited,20,-
MAGNUM,EQ,Magnum Ventures Limited,20,-
MAHABANK,EQ,Bank of Maharashtra,20,-
MAHESHWARI,SM,Maheshwari Logistics Limited,20,-
MAHINDCIE,EQ,Mahindra CIE Automotive Limited,20,-
MAHLIFE,EQ,Mahindra Lifespace Developers Limited,20,-
MAHSCOOTER,EQ,Maharashtra Scooters Limited,20,-
MAHSEAMLES,EQ,Maharashtra Seamless Limited,20,-
MAITHANALL,EQ,Maithan Alloys Limited,20,-
MAJESCO,EQ,Majesco Limited,20,-
MANAKSIA,EQ,Manaksia Limited,20,-
MANAKSTEEL,EQ,Manaksia Steels Limited,20,-
MANALIPETC,EQ,Manali Petrochemicals Limited,20,-
MANAPPURAM,EQ,Manappuram Finance Limited,20,NIFTY Midcap 150/NIFTY 200/NIFTY Full Midcap 100
MANGALAM,EQ,Mangalam Drugs And Organics Limited,20,-
MANGCHEFER,EQ,Mangalore Chemicals & Fertilizers Limited,20,-
MANGLMCEM,EQ,Mangalam Cement Limited,20,-
MANGTIMBER,EQ,Mangalam Timber Products Limited,20,-
MANINDS,EQ,Man Industries (India) Limited,20,-
MANINFRA,EQ,Man Infraconstruction Limited,20,-
MANPASAND,EQ,Manpasand Beverages Limited,20,-
MANUGRAPH,EQ,Manugraph India Limited,20,-
MARALOVER,EQ,Maral Overseas Limited,20,-
MARATHON,EQ,Marathon Nextgen Realty Limited,20,-
MARKSANS,EQ,Marksans Pharma Limited,20,-
MAWANASUG,EQ,Mawana Sugars Limited,20,-
MAXINDIA,EQ,Max India Limited,20,NIFTY 500 Index/NIFTY Smallcap 250/NIFTY MidSmallcap 400
MAXVIL,EQ,Max Ventures and Industries Limited,20,-
MAYURUNIQ,EQ,Mayur Uniquoters Ltd,20,-
MAZDA,EQ,Mazda Limited,20,-
MBAPL,SM,Madhya Bharat Agro Products Limited,20,-
MBECL,EQ,Mcnally Bharat Engineering Company Limited,20,-
MBLINFRA,EQ,MBL Infrastructures Limited,20,-
MCDHOLDING,EQ,McDowell Holdings Limited,20,-
MCLEODRUSS,EQ,Mcleod Russel India Limited,20,-
MEGASOFT,EQ,Megasoft Limited,20,-
MEGH,EQ,Meghmani Organics Limited,20,-
MENONBE,EQ,Menon Bearings Limited,20,-
MEP,EQ,MEP Infrastructure Developers Limited,20,-
MERCATOR,EQ,Mercator Limited,20,-
MERCK,EQ,Merck Limited,20,-
METALFORGE,EQ,Metalyst Forgings Limited,20,-
MHRIL,EQ,Mahindra Holidays & Resorts India Limited,20,-
MIC,EQ,MIC Electronics Limited,20,-
MIDCAPIWIN,EQ,ICICI Prudential Midcap Select iWIN ETF,20,-
MINDACORP,EQ,Minda Corporation Limited,20,NIFTY 500 Index
MINDAIND,EQ,Minda Industries Limited,20,NIFTY 500 Index/NIFTY MidSmallcap 400/NIFTY Smallcap 250
MINDTECK,EQ,Mindteck (India) Limited,20,-
MIRCELECTR,EQ,MIRC Electronics Limited,20,-
MIRZAINT,EQ,Mirza International Limited,20,-
MKPL,SM,M K Proteins Limited,20,-
MMFL,EQ,MM Forgings Limited,20,-
MMNL,IT,MIG Media Neurons Limited,20,-
MMTC,EQ,MMTC Limited,20,NIFTY Smallcap 50/NIFTY Full Smallcap 100
MOHINI,IT,Mohini Fibers Limited,20,-
MOHITIND,EQ,Mohit Industries Limited,20,-
MOIL,EQ,MOIL Limited,20,NIFTY Smallcap 50/NIFTY Full Smallcap 100
MOLDTECH,EQ,Mold-Tek Technologies Limited,20,-
MOLDTKPAC,EQ,Mold-Tek Packaging Limited,20,-
MOMAI,SM,Momai Apparels Limited,20,-
MONNETISPA,EQ,Monnet Ispat and Energy Limited,20,-
MONSANTO,EQ,Monsanto India Limited,20,-
MONTECARLO,EQ,Monte Carlo Fashions Limited,20,-
MORARJEE,EQ,Morarjee Textiles Limited,20,-
MOREPENLAB,EQ,Morepen Laboratories Limited,20,-
MOSERBAER,EQ,Moser-Baer (I) Limited,20,-
MOTILALOFS,EQ,Motilal Oswal Financial Services Limited,20,NIFTY Midcap 150
MPHASIS,EQ,MphasiS Limited,20,-
MPSLTD,EQ,MPS Limited,20,-
MRO,IT,M.R. Organisation Limited,20,-
MRO-TEK,EQ,MRO-TEK Realty Limited,20,GSM - Stage 0
MTEDUCARE,EQ,MT Educare Limited,20,-
MTNL,EQ,Mahanagar Telephone Nigam Limited,20,-
MUKANDENGG,EQ,Mukand Engineers Limited,20,-
MUKANDLTD,EQ,Mukand Limited,20,-
MUKTAARTS,EQ,Mukta Arts Limited,20,-
MUNJALAU,EQ,Munjal Auto Industries Limited,20,-
MUNJALSHOW,EQ,Munjal Showa Limited,20,-
MUTHOOTCAP,EQ,Muthoot Capital Services Limited,20,-
MVL,EQ,MVL Limited,20,-
N100,EQ,Motilal Oswal Mutual Fund-Motilal Oswal MOSt Shares NASDAQ 100 ETF -GO,20,-
NAGAAGRI,EQ,Nagarjuna Agrichem Limited,20,-
NAGAROIL,EQ,Nagarjuna Oil Refinery Limited,20,-
NAGREEKEXP,EQ,Nagreeka Exports Limited,20,-
NAHARCAP,EQ,Nahar Capital and Financial Services Limited,20,-
NAHARINDUS,EQ,Nahar Industrial Enterprises Limited,20,-
NAHARPOLY,EQ,Nahar Poly Films Limited,20,-
NAHARSPING,EQ,Nahar Spinning Mills Limited,20,-
NANDANI,SM,Nandani Creation Limited,20,-
NATCOPHARM,EQ,Natco Pharma Limited,20,Nifty 500/Nifty Alpha 50 Index
NATHBIOGEN,EQ,Nath Bio-Genes (India) Limited,20,-
NAUKRI,EQ,Info Edge (India) Limited,20,-
NAVINFLUOR,EQ,Navin Fluorine International Limited,20,-
NAVKARCORP,EQ,Navkar Corporation Limited,20,-
NAVNETEDUL,EQ,Navneet Education Limited,20,NIFTY 500 Index/NIFTY MidSmallcap 400/NIFTY Smallcap 250/NIFTY Media
NBVENTURES,EQ,Nava Bharat Ventures Limited,20,NIFTY 500 Index/NIFTY MidSmallcap 400/NIFTY Smallcap 250
NCLIND,EQ,NCL Industries Limited,20,-
NDGL,EQ,Naga Dhunseri Group Limited,20,-
NDL,EQ,Nandan Denim Limited,20,-
NDTV,EQ,New Delhi Television Limited,20,-
NECLIFE,EQ,Nectar Lifesciences Limited,20,-
NELCAST,EQ,Nelcast Limited,20,-
NELCO,EQ,NELCO Limited,20,-
NEO,IT,Neopolitan Pizza Limited,20,-
NESCO,EQ,Nesco Limited,20,-
NETWORK18,EQ,Network18 Media & Investments Limited,20,NIFTY Smallcap 250
NEULANDLAB,EQ,Neuland Laboratories Limited,20,-
NFL,EQ,National Fertilizers Limited,20,-
NH,EQ,Narayana Hrudayalaya Ltd.,20,-
NIBL,EQ,NRB Industrial Bearings Limited,20,-
NIF100IWIN,EQ,ICICI Prudential Nifty 100 iWIN ETF,20,-
NIFTYBEES,EQ,Reliance ETF Nifty BeES,20,-
NIFTYEES,EQ,Edelweiss ETF - Nifty 50,20,-
NIFTYIWIN,EQ,ICICI Prudential Nifty iWIN ETF,20,-
NIITLTD,EQ,NIIT Limited,20,-
NILAINFRA,EQ,Nila Infrastructures Limited,20,-
NILKAMAL,EQ,Nilkamal Limited,20,-
NIPPOBATRY,EQ,Indo-National Limited,20,-
NITCO,EQ,Nitco Limited,20,-
NITESHEST,EQ,Nitesh Estates Limited,20,-
NITINFIRE,EQ,Nitin Fire Protection Industries Limited,20,-
NITINSPIN,EQ,Nitin Spinners Limited,20,-
NITIRAJ,SM,Nitiraj Engineers Limited,20,-
NLCINDIA,EQ,NLC India Limited,20,-
NOCIL,EQ,NOCIL Limited,20,-
NOIDATOLL,EQ,Noida Toll Bridge Company Limited,20,-
NRAIL,EQ,N R Agarwal Industries Limited,20,-
NRBBEARING,EQ,NRB Bearing Limited,20,-
NSIL,EQ,Nalwa Sons Investments Limited,20,-
NUCLEUS,EQ,Nucleus Software Exports Limited,20,-
NUTEK,EQ,Nu Tek India Limited,20,-
NV20IWIN,EQ,ICICI Prudential NV20 iWIN ETF,20,-
OBEROIRLTY,EQ,Oberoi Realty Limited,20,-
OCCL,EQ,Oriental Carbon & Chemicals Limited,20,-
OCL,EQ,OCL India Limited,20,-
OMAXAUTO,EQ,Omax Autos Limited,20,-
OMAXE,EQ,Omaxe Limited,20,-
OMKARCHEM,EQ,Omkar Speciality Chemicals Limited,20,-
OMMETALS,EQ,OM Metals Infraprojects Limited,20,-
ONMOBILE,EQ,OnMobile Global Limited,20,-
OPAL,SM,Opal Luxury Time Products Limited,20,-
OPTOCIRCUI,EQ,Opto Circuits (India) Limited,20,-
ORBTEXP,EQ,Orbit Exports Limited,20,-
ORCHIDPHAR,EQ,Orchid Pharma Limited,20,-
ORICONENT,EQ,Oricon Enterprises Limited,20,-
ORIENTABRA,EQ,Orient Abrasives Limited,20,-
ORIENTBELL,EQ,Orient Bell Limited,20,-
ORIENTCEM,EQ,Orient Cement Limited,20,-
ORIENTHOT,EQ,Oriental Hotels Limited,20,-
ORIENTPPR,EQ,Orient Paper & Industries Limited,20,-
ORIENTREF,EQ,Orient Refractories Limited,20,-
ORISSAMINE,EQ,The Orissa Minerals Development Company Limited,20,-
ORTEL,EQ,Ortel Communications Limited,20,-
PANACEABIO,EQ,Panacea Biotec Limited,20,-
PANACHE,SM,Panache Digilife Limited,20,-
PANAMAPET,EQ,Panama Petrochem Limited,20,-
PANORAMUNI,EQ,Panoramic Universal Limited,20,-
PANSARI,SM,Pansari Developers Limited,20,-
PAPERPROD,EQ,Huhtamaki PPL Limited,20,-
PARABDRUGS,EQ,Parabolic Drugs Limited,20,-
PARAGMILK,EQ,Parag Milk Foods Limited,20,NIFTY 500 Index/NIFTY MidSmallcap 400/NIFTY Smallcap 250
PARSVNATH,EQ,Parsvnath Developers Limited,20,-
PATELENG,EQ,Patel Engineering Limited,20,-
PATINTLOG,EQ,Patel Integrated Logistics Limited,20,-
PDMJEPAPER,EQ,Pudumjee Paper Products Limited,20,-
PDPL,EQ,Parenteral Drugs (India) Limited,20,-
PDSMFL,EQ,PDS Multinational Fashions Limited,20,-
PDUMJEPULP,EQ,Pudumjee Pulp & Paper Mills Limited,20,-
PENIND,EQ,Pennar Industries Limited,20,-
PENINLAND,EQ,Peninsula Land Limited,20,-
PENPEBS,EQ,Pennar Engineered Building Systems Limited,20,-
PERFECT,SM,Perfect Infraengineers Limited,20,-
PERSISTENT,EQ,Persistent Systems Limited,20,NIFTY Smallcap 250
PFIZER,EQ,Pfizer Limited,20,-
PFOCUS,EQ,Prime Focus Limited,20,-
PFS,EQ,PTC India Financial Services Limited,20,-
PGEL,EQ,PG Electroplast Limited,20,-
PGHH,EQ,Procter & Gamble Hygiene and Health Care Limited,20,-
PGIL,EQ,Pearl Global Industries Limited,20,-
PHILIPCARB,EQ,Phillips Carbon Black Limited,20,-
PHOENIXLL,EQ,Phoenix Lamps Limited,20,-
PHOENIXLTD,EQ,The Phoenix Mills Limited,20,-
PIIND,EQ,PI Industries Limited,20,NIFTY Commodities
PINCON,EQ,Pincon Spirit Limited,20,-
PIONDIST,EQ,Pioneer Distilleries Limited,20,-
PIONEEREMB,EQ,Pioneer Embroideries Limited,20,-
PITTILAM,EQ,Pitti Laminations Limited,20,-
PKTEA,EQ,The Peria Karamalai Tea & Produce Company Limited,20,-
PLASTIBLEN,EQ,Plastiblends India Limited,20,-
PNBGILTS,EQ,PNB GILTS LTD.,20,-
PNBHOUSING,EQ,PNB Housing Finance Limited,20,-
PNCINFRA,EQ,PNC Infratech Limited,20,-
POCHIRAJU,EQ,Pochiraju Industries Limited,20,-
PODDARHOUS,EQ,Poddar Housing and Development Limited,20,-
PODDARMENT,EQ,Poddar Pigments Limited,20,-
POKARNA,EQ,Pokarna Limited,20,-
POLARIS,EQ,POLARIS CONSULTING & SERVICES LIMITED,20,-
POLYMED,EQ,Poly Medicure Limited,20,-
POLYPLEX,EQ,Polyplex Corporation Limited,20,-
PONNIERODE,EQ,Ponni Sugars (Erode) Limited,20,-
POWERMECH,EQ,Power Mech Projects Limited,20,-
PPAP,EQ,PPAP Automotive Limited,20,-
PRABHAT,EQ,Prabhat Dairy Limited,20,-
PRAJIND,EQ,Praj Industries Limited,20,-
PRAKASH,EQ,Prakash Industries Limited,20,-
PRAKASHSTL,EQ,Prakash Steelage Limited,20,-
PRATIBHA,EQ,Pratibha Industries Limited,20,-
PRECAM,EQ,Precision Camshafts Limited,20,-
PRECWIRE,EQ,Precision Wires India Limited,20,-
PREMEXPLN,EQ,Premier Explosives Limited,20,-
PREMIER,EQ,Premier Limited,20,-
PRESSMN,EQ,Pressman Advertising Limited,20,-
PRESTIGE,EQ,Prestige Estates Projects Limited,20,-
PRICOLLTD,EQ,Pricol Limited,20,-
PRISMCEM,EQ,Prism Cement Limited,20,-
PROLIFE,SM,Prolife Industries Limited,20,-
PSB,EQ,Punjab & Sind Bank,20,-
PSL,EQ,PSL Limited,20,-
PSUBNKBEES,EQ,Reliance ETF PSU Bank BeES,20,-
PTL,EQ,PTL Enterprises Limited,20,-
PUNJABCHEM,EQ,Punjab Chemicals & Crop Protection Limited,20,-
PUNJLLOYD,EQ,Punj Lloyd Limited,20,-
PURVA,EQ,Puravankara Limited,20,-
QGOLDHALF,EQ,Quantum Gold Fund -Exchange Traded Fund (ETF),20,-
QNIFTY,EQ,Quantum Index Fund -Exchange Traded Fund (ETF),20,-
QUESS,EQ,Quess Corp Limited,20,NIFTY 500 Index/NIFTY Full Midcap 100/NIFTY MidSmallcap 400/NIFTY 200/NIFTY Midcap 150
QUICKHEAL,EQ,Quick Heal Technologies Limited,20,-
QVC,IT,QVC Realty Co. Limited,20,-
RADICO,EQ,Radico Khaitan Limited,20,-
RADIOCITY,EQ,Music Broadcast Limited,20,-
RAIN,EQ,Rain Industries Limited,20,-
RAIREKMOH,EQ,Raisaheb Reckhchand Mohota Spinning & Weaving Mills Limited,20,-
RAJESHEXPO,EQ,Rajesh Exports Limited,20,-
RAJSREESUG,EQ,Rajshree Sugars & Chemicals Limited,20,-
RAJTV,EQ,Raj Television Network Limited,20,-
RALLIS,EQ,Rallis India Limited,20,-
RAMANEWS,EQ,Shree Rama Newsprint Limited,20,-
RAMASTEEL,EQ,Rama Steel Tubes Limited,20,-
RAMCOIND,EQ,Ramco Industries Limited,20,-
RAMCOSYS,EQ,Ramco Systems Limited,20,-
RAMKY,EQ,Ramky Infrastructure Limited,20,-
RANASUG,EQ,Rana Sugars Limited,20,-
RANEENGINE,EQ,Rane Engine Valve Limited,20,-
RANEHOLDIN,EQ,Rane Holdings Limited,20,-
RATNAINFRA,IT,Ratnaakar Infrastructure Limited,20,-
RATNAMANI,EQ,Ratnamani Metals & Tubes Limited,20,NIFTY 500 Index/NIFTY MidSmallcap 400/NIFTY Smallcap 250/NIFTY Metal
RBL,EQ,Rane Brake Lining Limited,20,-
RCF,EQ,Rashtriya Chemicals and Fertilizers Limited,20,-
REDINGTON,EQ,Redington (India) Limited,20,-
RELAXO,EQ,Relaxo Footwears Limited,20,-
RELCNX100,EQ,Reliance ETF Nifty 100,20,-
RELCONS,EQ,Reliance ETF Consumption,20,-
RELDIVOPP,EQ,Reliance ETF Dividend Opportunities,20,-
RELIGARE,EQ,Religare Enterprises Limited,20,-
RELNV20,EQ,Reliance ETF NV20,20,-
RENUKA,EQ,Shree Renuka Sugars Limited,20,-
REPCOHOME,EQ,Repco Home Finance Limited,20,-
REPRO,EQ,Repro India Limited,20,-
RESPONIND,EQ,Responsive Industries Limited,20,-
REVATHI,EQ,Revathi Equipment Limited,20,-
RICOAUTO,EQ,Rico Auto Industries Limited,20,-
RIIL,EQ,Reliance Industrial Infrastructure Limited,20,-
RJL,EQ,Renaissance Jewellery Limited,20,-
RKFORGE,EQ,Ramkrishna Forgings Limited,20,-
RML,EQ,Rane (Madras) Limited,20,-
ROHLTD,EQ,Royal Orchid Hotels Limited,20,-
ROLTA,EQ,Rolta India Limited,20,-
RPGLIFE,EQ,RPG Life Sciences Limited,20,-
RPPINFRA,EQ,R.P.P. Infra Projects Limited,20,-
RRSLGETF,EQ,Reliance ETF Long Term Gilt,20,-
RSSOFTWARE,EQ,R. S. Software (India) Limited,20,-
RSWM,EQ,RSWM Limited,20,-
RSYSTEMS,EQ,R Systems International Limited,20,-
RTNINFRA,EQ,RattanIndia Infrastructure Limited,20,-
RTNPOWER,EQ,RattanIndia Power Limited,20,-
RUBYMILLS,EQ,The Ruby Mills Limited,20,-
RUCHIRA,EQ,Ruchira Papers Limited,20,-
RUCHISOYA,EQ,Ruchi Soya Industries Limited,20,-
RUPA,EQ,Rupa & Company Limited,20,-
RUSHIL,EQ,Rushil Decor Limited,20,-
SABEVENTS,EQ,Sab Events & Governance Now Media Limited,20,-
SABTN,EQ,Sri Adhikari Brothers Television Network Limited,20,-
SADBHAV,EQ,Sadbhav Engineering Limited,20,NIFTY Smallcap 250
SADBHIN,EQ,Sadbhav Infrastructure Project Limited,20,-
SAGARDEEP,SM,Sagardeep Alloys Limited,20,-
SAGCEM,EQ,Sagar Cements Limited,20,-
SAKAR,SM,Sakar Healthcare Limited,20,-
SAKHTISUG,EQ,Sakthi Sugars Limited,20,-
SAKSOFT,EQ,Saksoft Limited,20,-
SAKUMA,EQ,Sakuma Exports Limited,20,-
SALORAINTL,EQ,Salora International Limited,20,-
SALZERELEC,EQ,Salzer Electronics Limited,20,-
SANDESH,EQ,The Sandesh Limited,20,-
SANGAMIND,EQ,Sangam (India) Limited,20,-
SANGHIIND,EQ,Sanghi Industries Limited,20,-
SANGHVIFOR,EQ,Sanghvi Forging and Engineering Limited,20,-
SANGHVIMOV,EQ,Sanghvi Movers Limited,20,-
SANGINITA,SM,Sanginita Chemicals Limited,20,-
SANOFI,EQ,Sanofi India Limited,20,-
SARDAEN,EQ,Sarda Energy & Minerals Limited,20,-
SAREGAMA,EQ,Saregama India Limited,20,-
SARLAPOLY,EQ,Sarla Performance Fibers Limited,20,-
SASKEN,EQ,Sasken Technologies Limited,20,-
SATHAISPAT,EQ,Sathavahana Ispat Limited,20,-
SATIN,EQ,Satin Creditcare Network Limited,20,-
SCHAND,EQ,S Chand And Company Limited,20,-
SCHNEIDER,EQ,Schneider Electric Infrastructure Limited,20,-
SCI,EQ,Shipping Corporation Of India Limited,20,-
SDBL,EQ,Som Distilleries & Breweries Limited,20,-
SEAMECLTD,EQ,Seamec Limited,20,-
SEINV,EQ,S.E. Investments Limited,20,-
SELAN,EQ,Selan Exploration Technology Limited,20,-
SELMCL,EQ,SEL Manufacturing Company Limited,20,-
SENSEXIWIN,EQ,ICICI Prudential Sensex iWIN ETF,20,-
SEQUENT,EQ,Sequent Scientific Limited,20,-
SESHAPAPER,EQ,Seshasayee Paper and Boards Limited,20,-
SETCO,EQ,Setco Automotive Limited,20,-
SETF10GILT,EQ,SBI Mutual Fund - SBI-ETF 10 YEAR GILT,20,-
SETFGOLD,EQ,SBI-ETF Gold,20,-
SETFNIF50,EQ,SBI-ETF Nifty 50,20,-
SETFNIFBK,EQ,SBI-ETF Nifty Bank,20,-
SETFNN50,EQ,SBI-ETF Nifty Next 50,20,-
SFL,EQ,Sheela Foam Limited,20,-
SGL,EQ,STL Global Limited,20,-
SHAIVAL,SM,Shaival Reality Limited,20,-
SHALPAINTS,EQ,Shalimar Paints Limited,20,-
SHANKARA,EQ,Shankara Building Products Limited,20,-
SHANTIGEAR,EQ,Shanthi Gears Limited,20,-
SHARDACROP,EQ,Sharda Cropchem Limited,20,-
SHARDAMOTR,EQ,Sharda Motor Industries Limited,20,-
SHARIABEES,EQ,Reliance ETF Shariah BeES,20,-
SHARONBIO,EQ,Sharon Bio-Medicine Limited,20,-
SHEMAROO,EQ,Shemaroo Entertainment Limited,20,-
SHILPAMED,EQ,Shilpa Medicare Limited,20,-
SHIRPUR-G,EQ,Shirpur Gold Refinery Limited,20,-
SHIVAMAUTO,EQ,Shivam Autotech Limited,20,-
SHIVTEX,EQ,Shiva Texyarn Limited,20,-
SHK,EQ,S H Kelkar and Company Limited,20,-
SHOPERSTOP,EQ,Shoppers Stop Limited,20,-
SHREEPUSHK,EQ,Shree Pushkar Chemicals & Fertilisers Limited,20,-
SHREERAMA,EQ,Shree Rama Multi-Tech Limited,20,-
SHREYANIND,EQ,Shreyans Industries Limited,20,-
SHREYAS,EQ,Shreyas Shipping & Logistics Limited,20,-
SHRIRAMCIT,EQ,Shriram City Union Finance Limited,20,-
SHRIRAMEPC,EQ,Shriram EPC Limited,20,-
SHYAMCENT,EQ,Shyam Century Ferrous Limited,20,-
SHYAMTEL,EQ,Shyam Telecom Limited,20,GSM - Stage 0
SICAGEN,EQ,Sicagen India Limited,20,-
SICAL,EQ,Sical Logistics Limited,20,-
SIGNET,EQ,Signet Industries Limited,20,-
SIIL,SM,Supreme (India) Impex Limited,20,-
SIKKO,SM,Sikko Industries Limited,20,-
SILINV,EQ,SIL Investments Limited,20,-
SIMPLEXINF,EQ,Simplex Infrastructures Limited,20,-
SITASHREE,EQ,Sita Shree Food Products Limited,20,-
SITINET,EQ,Siti Networks Limited,20,-
SIYSIL,EQ,Siyaram Silk Mills Limited,20,-
SJVN,EQ,SJVN Limited,20,-
SKFINDIA,EQ,SKF India Limited,20,-
SKIPPER,EQ,Skipper Limited,20,-
SMARTLINK,EQ,Smartlink Network Systems Limited,20,-
SMLISUZU,EQ,SML Isuzu Limited,20,-
SMPL,EQ,Splendid Metal Products Limited,20,-
SMSPHARMA,EQ,SMS Pharmaceuticals Limited,20,-
SNOWMAN,EQ,Snowman Logistics Limited,20,-
SOBHA,EQ,Sobha Limited,20,-
SOLARINDS,EQ,Solar Industries India Limited,20,-
SOMANYCERA,EQ,Somany Ceramics Limited,20,-
SOMICONVEY,EQ,Somi Conveyor Beltings Limited,20,-
SONASTEER,EQ,Sona Koyo Steering Systems Limited,20,-
SONATSOFTW,EQ,Sonata Software Limited,20,-
SORILINFRA,EQ,SORIL Infra Resources Limited,20,-
SOTL,EQ,Savita Oil Technologies Limited,20,-
SPAL,EQ,S. P. Apparels Limited,20,-
SPARC,EQ,Sun Pharma Advanced Research Company Limited,20,-
SPHEREGSL,EQ,Sphere Global Services Limited,20,-
SPIC,EQ,Southern Petrochemicals Industries Corporation  Limited,20,-
SPICEMOBI,EQ,Spice Mobility Limited,20,-
SPLIL,EQ,SPL Industries Limited,20,-
SQSBFSI,EQ,SQS India BFSI Limited,20,-
SREEL,EQ,Sreeleathers Limited,20,-
SREINFRA,EQ,SREI Infrastructure Finance Limited,20,-
SRHHYPOLTD,EQ,Sree Rayalaseema Hi-Strength Hypo Limited,20,-
SRIPIPES,EQ,Srikalahasthi Pipes Limited,20,-
SSWL,EQ,Steel Strips Wheels Limited,20,-
STAMPEDE,EQ,Stampede Capital Limited,20,-
STAN,DR,Standard Chartered PLC,20,-
STARPAPER,EQ,Star Paper Mills Limited,20,-
STEELCITY,SM,Steel City Securities Limited,20,-
STERTOOLS,EQ,Sterling Tools Limited,20,-
STRTECH,EQ,Sterlite Technologies Limited,20,NIFTY 500 Index/NIFTY MidSmallcap 400/NIFTY Smallcap 250/NIFTY Free float Smallcap 100
SUBEX,EQ,Subex Limited,20,-
SUBROS,EQ,Subros Limited,20,-
SUDARSCHEM,EQ,Sudarshan Chemical Industries Limited,20,NIFTY 500 Index/ NIFTY MidSmallcap 400/NIFTY Smallcap 250
SUJANAUNI,EQ,Sujana Universal Industries Limited,20,-
SUMEETINDS,EQ,Sumeet Industries Limited,20,-
SUMMITSEC,EQ,Summit Securities Limited,20,-
SUNCLAYLTD,EQ,Sundaram Clayton Limited,20,-
SUNDARAM,EQ,Sundaram Multi Pap Limited,20,-
SUNDARMFIN,EQ,Sundaram Finance Limited,20,-
SUNDRMBRAK,EQ,Sundaram Brake Linings Limited,20,-
SUNDRMFAST,EQ,Sundram Fasteners Limited,20,-
SUNFLAG,EQ,Sunflag Iron And Steel Company Limited,20,-
SUNILHITEC,EQ,Sunil Hitech Engineers Limited,20,-
SUNTECK,EQ,Sunteck Realty Limited,20,-
SUPERHOUSE,EQ,Superhouse Limited,20,-
SUPERSPIN,EQ,Super Spinning Mills Limited,20,-
SUPPETRO,EQ,Supreme Petrochem Limited,20,-
SUPRAJIT,EQ,Suprajit Engineering Limited,20,-
SUPREMEIND,EQ,Supreme Industries Limited,20,-
SUPREMEINF,EQ,Supreme Infrastructure India Limited,20,-
SURANASOL,EQ,Surana Solar Limited,20,-
SURANAT&P,EQ,Surana Telecom and Power Limited,20,-
SURYALAXMI,EQ,Suryalakshmi Cotton Mills Limited,20,-
SURYAROSNI,EQ,Surya Roshni Limited,20,-
SUTLEJTEX,EQ,Sutlej Textiles and Industries Limited,20,-
SUVEN,EQ,Suven Life Sciences Limited,20,-
SWANENERGY,EQ,Swan Energy Limited,20,NIFTY Full Smallcap 100
SWARAJENG,EQ,Swaraj Engines Limited,20,-
SWELECTES,EQ,Swelect Energy Systems Limited,20,-
SYMPHONY,EQ,Symphony Limited,20,-
SYNCOM,EQ,Syncom Healthcare Limited,20,-
SYNGENE,EQ,Syngene International Limited,20,-
TAJGVK,EQ,Taj GVK Hotels & Resorts Limited,20,-
TAKE,EQ,Take Solutions Limited,20,-
TALBROAUTO,EQ,Talbros Automotive Components Limited,20,-
TALWALKARS,EQ,Talwalkars Better Value Fitness Limited,20,-
TANLA,EQ,Tanla Solutions Limited,20,-
TARAJEWELS,EQ,Tara Jewels Limited,20,-
TASTYBITE,EQ,Tasty Bite Eatables Limited,20,-
TATACOFFEE,EQ,Tata Coffee Limited,20,-
TATAINVEST,EQ,Tata Investment Corporation Limited,20,NIFTY 500 Index/ NIFTY MidSmallcap 400/NIFTY Smallcap 250
TATAMETALI,EQ,Tata Metaliks Limited,20,-
TATASPONGE,EQ,Tata Sponge Iron Limited,20,-
TBZ,EQ,Tribhovandas Bhimji Zaveri Limited,20,-
TCI,EQ,Transport Corporation of India Limited,20,-
TCIDEVELOP,EQ,TCI Developers Limited,20,-
TCIEXP,EQ,TCI Express Limited,20,-
TCIFINANCE,EQ,Tci Finance Limited,20,-
TDPOWERSYS,EQ,TD Power Systems Limited,20,-
TEAMLEASE,EQ,Teamlease Services Limited,20,-
TECHNO,EQ,Techno Electric & Engineering Company Limited,20,-
TECHNOFAB,EQ,Technofab Engineering Limited,20,-
TERASOFT,EQ,Tera Software Limited,20,-
TEXINFRA,EQ,Texmaco Infrastructure & Holdings Limited,20,-
TEXRAIL,EQ,Texmaco Rail & Engineering Limited,20,-
TFCILTD,EQ,Tourism Finance Corporation of India Limited,20,-
TGBHOTELS,EQ,TGB Banquets And Hotels Limited,20,-
THANGAMAYL,EQ,Thangamayil Jewellery Limited,20,-
THEMISMED,EQ,Themis Medicare Limited,20,-
THERMAX,EQ,Thermax Limited,20,-
THIRUSUGAR,EQ,Thiru Arooran Sugars Limited,20,-
THOMASCOOK,EQ,Thomas Cook  (India)  Limited,20,-
THYROCARE,EQ,Thyrocare Technologies Limited,20,NIFTY 500 Index/NIFTY Smallcap 250/MidSmallcap 400/
TI,EQ,Tilaknagar Industries Limited,20,-
TIDEWATER,EQ,Tide Water Oil Company (India) Limited,20,-
TIIL,EQ,Technocraft Industries (India) Limited,20,-
TIL,EQ,TIL Limited,20,-
TIMETECHNO,EQ,Time Technoplast Limited,20,-
TIMKEN,EQ,Timken India Limited,20,-
TINPLATE,EQ,The Tinplate Company of India Limited,20,-
TIRUMALCHM,EQ,Thirumalai Chemicals Limited,20,-
TMRVL,EQ,The Mandhana Retail Ventures Limited,20,-
TNPETRO,EQ,Tamilnadu PetroProducts Limited,20,-
TNPL,EQ,Tamil Nadu Newsprint & Papers Limited,20,-
TOKYOPLAST,EQ,Tokyo Plast International Limited,20,-
TPLPLASTEH,EQ,TPL Plastech Limited,20,-
TRENT,EQ,Trent Limited,20,-
TRF,EQ,TRF Limited,20,-
TRIDENT,EQ,Trident Limited,20,NIFTY Full Smallcap 100
TRIL,EQ,Transformers And Rectifiers (India) Limited,20,-
TRITURBINE,EQ,Triveni Turbine Limited,20,-
TRIVENI,EQ,Triveni Engineering & Industries Limited,20,-
TTKHLTCARE,EQ,TTK Healthcare Limited,20,-
TTKPRESTIG,EQ,TTK Prestige Limited,20,-
TTL,EQ,T T Limited,20,-
TTML,EQ,Tata Teleservices (Maharashtra) Limited,20,-
TUBEINVEST,EQ,Tube Investments of India Limited,20,-
TVSELECT,EQ,TVS Electronics Limited,20,-
TVSSRICHAK,EQ,TVS Srichakra Limited,20,-
TVTODAY,EQ,TV Today Network Limited,20,-
TVVISION,EQ,TV Vision Limited,20,-
TWL,EQ,Titagarh Wagons Limited,20,-
UCALFUEL,EQ,Ucal Fuel Systems Limited,20,-
UCOBANK,EQ,UCO Bank,20,-
UFLEX,EQ,UFLEX Limited,20,-
UFO,EQ,UFO Moviez India Limited,20,-
UGARSUGAR,EQ,The Ugar Sugar Works Limited,20,-
UJAAS,EQ,Ujaas Energy Limited,20,-
UMANGDAIRY,EQ,Umang Dairies Limited,20,-
UNICHEMLAB,EQ,Unichem Laboratories Limited,20,-
UNIENTER,EQ,Uniphos Enterprises Limited,20,-
UNITECH,EQ,Unitech Limited,20,-
UNITEDBNK,EQ,United Bank of India,20,-
UNITEDTEA,EQ,The United Nilgiri Tea Estates Company Limited,20,-
UNITY,EQ,Unity Infraprojects Limited,20,-
UNIVCABLES,EQ,Universal Cables Limited,20,-
USHAMART,EQ,Usha Martin Limited,20,-
UTINIFTETF,EQ,UTI Mutual Fund - UTI-Nifty Exchange Traded Fund,20,-
UTISENSETF,EQ,UTI Mutual Fund - UTI-Sensex Exchange Traded Fund,20,-
UTTAMSTL,EQ,Uttam Galva Steels Limited,20,-
V2RETAIL,EQ,V2 Retail Limited,20,-
VADILALIND,EQ,Vadilal Industries Limited,20,-
VAKRANGEE,EQ,Vakrangee Limited,20,Nifty IT
VARDHACRLC,EQ,Vardhman Acrylics Limited,20,-
VARDMNPOLY,EQ,Vardhman Polytex Limited,20,-
VASCONEQ,EQ,Vascon Engineers Limited,20,-
VBL,EQ,Varun Beverages Limited,20,-
VENUSREM,EQ,Venus Remedies Limited,20,-
VESUVIUS,EQ,Vesuvius India Limited,20,-
VETO,EQ,Veto Switchgears And Cables Limited,20,-
VICEROY,EQ,Viceroy Hotels Limited,20,-
VIDHIING,EQ,Vidhi Specialty Food Ingredients Limited,20,-
VIJAYABANK,EQ,Vijaya Bank,20,-
VIJSHAN,EQ,Vijay Shanthi Builders Limited,20,-
VIKASECO,EQ,Vikas EcoTech Limited,20,-
VIMTALABS,EQ,Vimta Labs Limited,20,-
VINATIORGA,EQ,Vinati Organics Limited,20,-
VINDHYATEL,EQ,Vindhya Telelinks Limited,20,-
VINYLINDIA,EQ,Vinyl Chemicals (India) Limited,20,-
VIPCLOTHNG,EQ,VIP Clothing Limited,20,-
VIPIND,EQ,VIP Industries Limited,20,-
VIPULLTD,EQ,Vipul Limited,20,-
VISAKAIND,EQ,Visaka Industries Limited,20,-
VISASTEEL,EQ,Visa Steel Limited,20,-
VISHNU,EQ,Vishnu Chemicals Limited,20,-
VIVIDHA,EQ,Visagar Polytex Limited,20,"Nifty 500		"
VIVIMEDLAB,EQ,Vivimed Labs Limited,20,-
VLSFINANCE,EQ,VLS Finance Limited,20,-
VMART,EQ,V-Mart Retail Limited,20,-
VOLTAMP,EQ,Voltamp Transformers Limited,20,-
VRLLOG,EQ,VRL Logistics Limited,20,-
VSSL,EQ,Vardhman Special Steels Limited,20,-
VSTIND,EQ,VST Industries Limited,20,-
VSTTILLERS,EQ,V.S.T Tillers Tractors Limited,20,-
VTL,EQ,Vardhman Textiles Limited,20,-
WABAG,EQ,VA Tech Wabag Limited,20,-
WABCOINDIA,EQ,WABCO India Limited,20,-
WALCHANNAG,EQ,Walchandnagar Industries Limited,20,-
WEALTH,SM,Wealth First Portfolio Managers Limited,20,-
WEIZFOREX,EQ,Weizmann Forex Limited,20,-
WELCORP,EQ,Welspun Corp Limited,20,-
WELENT,EQ,Welspun Enterprises Limited,20,-
WELSPUNIND,EQ,Welspun India Limited,20,NIFTY Free float Smallcap 100
WENDT,EQ,Wendt (India) Limited,20,-
WHEELS,EQ,Wheels India Limited,20,-
WHIRLPOOL,EQ,Whirlpool of India Limited,20,-
WINDMACHIN,EQ,Windsor Machines Limited,20,-
WONDERLA,EQ,Wonderla Holidays Limited,20,-
WSTCSTPAPR,EQ,West Coast Paper Mills Limited,20,-
XCHANGING,EQ,Xchanging Solutions Limited,20,-
XLENERGY,EQ,XL Energy Limited,20,-
XPROINDIA,EQ,Xpro India Limited,20,-
ZANDUREALT,EQ,Zandu Realty Limited,20,-
ZEELEARN,EQ,Zee Learn Limited,20,-
ZEEMEDIA,EQ,Zee Media Corporation Limited,20,-
ZENSARTECH,EQ,Zensar Technologies Limited,20,-
ZENTEC,EQ,Zen Technologies Limited,20,-
ZICOM,EQ,Zicom Electronic Security Systems Limited,20,-
ZODIACLOTH,EQ,Zodiac Clothing Company Limited,20,-
ZOTA,SM,Zota Health Care LImited,20,-
ZUARI,EQ,Zuari Agro Chemicals Limited,20,-
ZUARIGLOB,EQ,Zuari Global Limited,20,-
ZYDUSWELL,EQ,Zydus Wellness Limited,20,-
ABIRLANUVO,EQ,Aditya Birla Nuvo Limited,No Band,Derivative Product/ in NIFTY Midcap50/Nifty Free Float Midcap 100 Index
ACC,EQ,ACC Limited,No Band,Derivative Product/ Nifty 50
ADANIENT,EQ,Adani Enterprises Limited,No Band,NIFTY Free float Smallcap 100
ADANIPORTS,EQ,Adani Ports and Special Economic Zone Limited,No Band,Derivative Product/Nifty Infrastructure Index/Nifty 50
ADANIPOWER,EQ,Adani Power Limited,No Band,Derivative Product/Nifty Midcap 50/Nifty Infrastructure Index
AJANTPHARM,EQ,Ajanta Pharma Limited,No Band,"Derivative Product/Nifty Midcap 50 	"
ALBK,EQ,Allahabad Bank,No Band,Derivative Product
AMARAJABAT,EQ,Amara Raja Batteries Limited,No Band,Derivative Product
AMBUJACEM,EQ,Ambuja Cements Limited,No Band,Derivative Product/ Nifty 50
ANDHRABANK,EQ,Andhra Bank,No Band,Derivative Product/Nifty Midcap 50
APOLLOHOSP,EQ,Apollo Hospitals Enterprise Limited,No Band,NIFTY MidSmallcap 400/NIFTY Midcap 50/ NIFTY Midcap 150/NIFTY Full Midcap 100
APOLLOTYRE,EQ,Apollo Tyres Limited,No Band,Derivative Product/Nifty Midcap 50
ARVIND,EQ,Arvind Limited,No Band,Derivative Product
ASHOKLEY,EQ,Ashok Leyland Limited,No Band,Derivative Product/Nifty Midcap 50
ASIANPAINT,EQ,Asian Paints Limited,No Band,-
AUROPHARMA,EQ,Aurobindo Pharma Limited,No Band,Derivative Product/Nifty Midcap 50
AXISBANK,EQ,Axis Bank Limited,No Band,Derivative Product/Bank Nifty/ Nifty 50
BAJAJ-AUTO,EQ,Bajaj Auto Limited,No Band,Derivative Product/ Nifty 50
BAJAJFINSV,EQ,Bajaj Finserv Limited,No Band,-
BAJFINANCE,EQ,Bajaj Finance Limited,No Band,Derivative Product 
BALKRISIND,EQ,Balkrishna Industries Limited,No Band,NIFTY Alpha 50 Index
BALRAMCHIN,EQ,Balrampur Chini Mills Limited,No Band,-
BANKBARODA,EQ,Bank Of Baroda,No Band,Derivative Product/Bank Nifty/ Nifty 50
BANKINDIA,EQ,Bank Of India,No Band,Nifty Alpha 50 Index
BATAINDIA,EQ,Bata India Limited,No Band,Derivative Product/Nifty Midcap 50
BEL,EQ,Bharat Electronics Limited,No Band,Nifty PSE Index/Derivative Product 
BEML,EQ,BEML Limited,No Band,Derivative Product
BERGEPAINT,EQ,Berger Paints (I) Limited,No Band,-
BHARATFIN,EQ,Bharat Financial Inclusion Limited,No Band,Derivative Product
BHARATFORG,EQ,Bharat Forge Limited,No Band,NIFTY Midcap 150/NIFTY Midcap Liquid 15/ NIFTY MidSmallcap 400/NIFTY Midcap 50/NIFTY Full Midcap 100
BHARTIARTL,EQ,Bharti Airtel Limited,No Band,Derivative Product/ Nifty 50/Nifty Infrastructure Index
BHEL,EQ,Bharat Heavy Electricals Limited,No Band,NIFTY Next 50
BIOCON,EQ,Biocon Limited,No Band,Derivative Product/ Nifty Midcap 50
BOSCHLTD,EQ,Bosch Limited,No Band,"Nifty 50	"
BPCL,EQ,Bharat Petroleum Corporation Limited,No Band,Derivative Product/ Nifty 50/Nifty PSE Index
BRITANNIA,EQ,Britannia Industries Limited,No Band,NIFTY Growth Sectors 15 Index
CADILAHC,EQ,Cadila Healthcare Limited,No Band,Derivative Product
CANBK,EQ,Canara Bank,No Band,Derivative Product/Bank Nifty
CANFINHOME,EQ,Can Fin Homes Limited,No Band,NIFTY Smallcap 50/NIFTY Full Smallcap 100
CAPF,EQ,Capital First Limited,No Band,Derivative Product
CASTROLIND,EQ,Castrol India Limited,No Band,NIFTY Midcap 150/NIFTY Midcap Liquid 15/NIFTY MidSmallcap 400/NIFTY Midcap 50/NIFTY Full Midcap 100
CEATLTD,EQ,CEAT Limited,No Band,Derivative Product 
CENTURYTEX,EQ,Century Textiles & Industries Limited,No Band,Derivative Product
CESC,EQ,CESC Limited,No Band,Derivative Product/Nifty Midcap 50/Nifty Infrastructure Index
CGPOWER,EQ,CG Power and Industrial Solutions Limited,No Band,-
CHOLAFIN,EQ,Cholamandalam Investment and Finance Company Limited,No Band,-
CIPLA,EQ,Cipla Limited,No Band,Derivative Product/ Nifty 50
COALINDIA,EQ,Coal India Limited,No Band,Derivative product/ Nifty 50/Nifty PSE Index
COLPAL,EQ,Colgate Palmolive (India) Limited,No Band,Derivative Product
CONCOR,EQ,Container Corporation Of India Limited,No Band,Nifty PSE Index
CUMMINSIND,EQ,Cummins India Limited,No Band,Derivative Product
DABUR,EQ,Dabur India Limited,No Band,Derivative Product
DALMIABHA,EQ,Dalmia Bharat Limited,No Band,Derivative Product/Nifty Alpha 50 Index/NIFTY Full Midcap 100/NIFTY 200
DCBBANK,EQ,DCB Bank Limited,No Band,Derivative Product
DHFL,EQ,Dewan Housing Finance Corporation Limited,No Band,Derivative Product/Nifty Alpha 50 Index
DISHTV,EQ,Dish TV India Limited,No Band,Derivative Product
DIVISLAB,EQ,Divi's Laboratories Limited,No Band,-
DLF,EQ,DLF Limited,No Band,Derivative Product
DRREDDY,EQ,Dr. Reddy's Laboratories Limited,No Band,Derivative Product/ Nifty 50
EICHERMOT,EQ,Eicher Motors Limited,No Band,Derivative Product/Nifty Quality 30 Index
ENGINERSIN,EQ,Engineers India Limited,No Band,Derivative Product
EQUITAS,EQ,Equitas Holdings Limited,No Band,Derivative Product
ESCORTS,EQ,Escorts Limited,No Band,-
EXIDEIND,EQ,Exide Industries Limited,No Band,Derivative Product/NIFTY Midcap Liquid 15 Index
FEDERALBNK,EQ,The Federal Bank  Limited,No Band,Derivative Product/Nifty Alpha 50 Index
FORTIS,EQ,Fortis Healthcare Limited,No Band,-
GAIL,EQ,GAIL (India) Limited,No Band,Derivative Product/ Nifty 50/Nifty PSE Index
GLENMARK,EQ,Glenmark Pharmaceuticals Limited,No Band,BSE 100 Index/Derivative Product
GMRINFRA,EQ,GMR Infrastructure Limited,No Band,Derivative Product/Nifty Infrastructure Index/Nifty Midcap 50
GODFRYPHLP,EQ,Godfrey Phillips India Limited,No Band,-
GODREJCP,EQ,Godrej Consumer Products Limited,No Band,NIFTY Growth Sectors 15 Index
GODREJIND,EQ,Godrej Industries Limited,No Band,Derivative Product/Nifty Midcap 50
GRANULES,EQ,Granules India Limited,No Band,-
GRASIM,EQ,Grasim Industries Limited,No Band,Derivative Product/ Nifty 50
GSFC,EQ,Gujarat State Fertilizers & Chemicals Limited,No Band,-
HAVELLS,EQ,Havells India Limited,No Band,-
HCC,EQ,Hindustan Construction Company Limited,No Band,Derivative Product/NIFTY Full Smallcap 100
HCLTECH,EQ,HCL Technologies Limited,No Band,NIFTY100 Low Volatility 30 Index
HDFC,EQ,Housing Development Finance Corporation Limited,No Band,Derivative Product/ Nifty 50
HDFC,W2,Housing Development Finance Corporation Limited,No Band,Derivative Product/ Nifty 50
HDFCBANK,EQ,HDFC Bank Limited,No Band,Derivative Product/ Nifty 50/Bank Nifty
HDIL,EQ,Housing Development and Infrastructure Limited,No Band,NIFTY Free float Smallcap 100
HEROMOTOCO,EQ,Hero MotoCorp Limited,No Band,Derivative Product/ Nifty 50/Nifty Quality 30 Index
HEXAWARE,EQ,Hexaware Technologies Limited,No Band,NIFTY Free float Smallcap 100
HINDALCO,EQ,Hindalco Industries Limited,No Band,Derivative Product/ Nifty 50/Nifty Alpha 50 Index
HINDPETRO,EQ,Hindustan Petroleum Corporation Limited,No Band,Derivative Product/Nifty PSE Index/Nifty MIDCAP 50
HINDUNILVR,EQ,Hindustan Unilever Limited,No Band,Derivative Product/ Nifty 50
HINDZINC,EQ,Hindustan Zinc Limited,No Band,Derivative product/Nifty Midcap 50/Nifty Dividend Opportunities 50 Index/Nifty Alpha 50 index/Nifty Commodities Index
IBREALEST,EQ,Indiabulls Real Estate Limited,No Band,NIFTY Free float Midcap 100
IBULHSGFIN,W1,Indiabulls Housing Finance Limited,No Band,Derivative Product
IBULHSGFIN,EQ,Indiabulls Housing Finance Limited,No Band,NIFTY 50 Index
ICICIBANK,EQ,ICICI Bank Limited,No Band,Derivative Product/ Nifty 50/Bank Nifty
ICIL,EQ,Indo Count Industries Limited,No Band,Derivative Product
IDBI,EQ,IDBI Bank Limited,No Band,Derivative Product/Nifty Midcap 50
IDEA,EQ,Idea Cellular Limited,No Band,NIFTY Next 50
IDFC,EQ,IDFC Limited,No Band,Derivative Product 
IDFCBANK,EQ,IDFC Bank Limited,No Band,NIFTY Free float Midcap 100/NIFTY Bank
IFCI,EQ,IFCI Limited,No Band,Derivative Product/Nifty Midcap 50/Nifty PSE Index
IGL,EQ,Indraprastha Gas Limited,No Band,Derivative Product/Nifty Midcap 50
INDIACEM,EQ,The India Cements Limited,No Band,NIFTY Free float Midcap 100
INDIANB,EQ,Indian Bank,No Band,Derivative Product/NIFTY Alpha 50 Index
INDIGO,EQ,InterGlobe Aviation Limited,No Band,Derivative Product/Nifty Dividend Opportunities 50 Index
INDUSINDBK,EQ,Indusind Bank Limited,No Band,Derivative product/Bank Nifty/Nifty 50
INFIBEAM,EQ,Infibeam Incorporation Limited,No Band, NIFTY Free float Smallcap 100/Nifty Alpha 50 Index
INFRATEL,EQ,Bharti Infratel Limited,No Band,Derivative Product
INFY,EQ,Infosys Limited,No Band,NIFTY100 Low Volatility 30 Index
IOC,EQ,Indian Oil Corporation Limited,No Band,NIFTY 50 Index/ NIFTY100 Liquid 15
IRB,EQ,IRB Infrastructure Developers Limited,No Band,Derivative product/Nifty Infrastructure Index
ITC,EQ,ITC Limited,No Band,Derivative Product/ Nifty 50
JETAIRWAYS,EQ,Jet Airways (India) Limited,No Band,NIFTY Smallcap 50/ NIFTY Full Smallcap 100/ NIFTY Smallcap 250
JINDALSTEL,EQ,Jindal Steel & Power Limited,No Band,-
JISLJALEQS,EQ,Jain Irrigation Systems Limited,No Band,Derivative Product/Nifty Midcap 50
JPASSOCIAT,EQ,Jaiprakash Associates Limited,No Band,Derivative Product/ Nifty 50/Nifty Infrastructure Index
JSWENERGY,EQ,JSW Energy Limited,No Band,Derivative product/Nifty Infrastructure Index/Nifty Midcap 50
JSWSTEEL,EQ,JSW Steel Limited,No Band,Derivative Product/Nifty Midcap 50
JUBLFOOD,EQ,Jubilant Foodworks Limited,No Band,Derivative Product/Nifty Midcap 50
JUSTDIAL,EQ,Just Dial Limited,No Band,NIFTY Full Smallcap 100/ NIFTY Free float Smallcap 100/NIFTY Smallcap 250
KAJARIACER,EQ,Kajaria Ceramics Limited,No Band,Derivative Product
KOTAKBANK,EQ,Kotak Mahindra Bank Limited,No Band,Derivative Product/Bank Nifty/ Nifty 50
KPIT,EQ,KPIT Technologies Limited,No Band,Derivative product/NIFTY IT/ NIFTY Free float Smallcap 100
KSCL,EQ,Kaveri Seed Company Limited,No Band,Derivative Product
KTKBANK,EQ,The Karnataka Bank Limited,No Band,Derivative product/Nifty MIDCAP 50/ NIFTY Private Bank
L&TFH,EQ,L&T Finance Holdings Limited,No Band,Derivative Product
LICHSGFIN,EQ,LIC Housing Finance Limited,No Band,Derivative Product
LT,EQ,Larsen & Toubro Limited,No Band,Derivative Product/ Nifty 50/Nifty Infrastructure Index
LUPIN,EQ,Lupin Limited,No Band,Derivative Product/ Nifty 50
M&M,EQ,Mahindra & Mahindra Limited,No Band,Derivative Product/Nifty 50/  NIFTY Growth Sectors 15 Index
M&MFIN,EQ,Mahindra & Mahindra Financial Services Limited,No Band,BSE 100 Index/Derivative Product
MARICO,EQ,Marico Limited,No Band,Derivative Product/NIFTY Growth Sectors 15 Index
MARUTI,EQ,Maruti Suzuki India Limited,No Band,Derivative Product/ Nifty 50
MCDOWELL-N,EQ,United Spirits Limited,No Band,Derivative Product
MCX,EQ,Multi Commodity Exchange of India Limited,No Band,-
MFSL,EQ,Max Financial Services Limited,No Band,Derivative Product
MGL,EQ,Mahanagar Gas Limited,No Band,NIFTY 500 Index/NIFTY Smallcap 250/NIFTY MidSmallcap 400/NIFTY Smallcap 50/NIFTY Free float Smallcap 100/NIFTY Full Smallcap 100
MINDTREE,EQ,MindTree Limited,No Band,Nifty IT
MOTHERSUMI,EQ,Motherson Sumi Systems Limited,No Band,Derivative Product
MRF,EQ,MRF Limited,No Band,Derivative Product/Nifty Midcap 50 /Nifty 50 Junior Index/NIFTY Midcap Liquid 15/Nifty Alpha 50 Index
MRPL,EQ,Mangalore Refinery and Petrochemicals Limited,No Band,Nifty Alpha 50 Index
MUTHOOTFIN,EQ,Muthoot Finance Limited,No Band,Derivative Product/Nifty Dividend Opportunities 50 Index
NATIONALUM,EQ,National Aluminium Company Limited,No Band,Derivative Product/NIFTY Alpha 50 Index
NBCC,EQ,NBCC (India) Limited,No Band,-
NCC,EQ,NCC Limited,No Band,Derivative Product
NESTLEIND,EQ,Nestle India Limited,No Band,-
NHPC,EQ,NHPC Limited,No Band,Derivative product/Nifty Infrastructure Index/Nifty PSE Index/Nifty MIDCAP 50/Nifty Dividend Opportunities 50 Index/Nifty Alpha 50 Index
NIITTECH,EQ,NIIT Technologies Limited,No Band,Derivative Product/Nifty Dividend Opportunities 50 Index/NIFTY Free float Smallcap 100
NMDC,EQ,NMDC Limited,No Band,Derivative Product/Nifty PSE Index
NTPC,EQ,NTPC Limited,No Band,Derivative Product/ Nifty 50/Nifty Infrastructure Index/Nifty PSE Index
OFSS,EQ,Oracle Financial Services Software Limited,No Band,Derivative Product/Nifty IT/Nifty Midcap 50/Nifty Dividend Opportunities 50 Index
OIL,EQ,Oil India Limited,No Band,Nifty PSE Index/Derivative Product/Nifty100 Low Volatility 30 Index 
ONGC,EQ,Oil & Natural Gas Corporation Limited,No Band,Derivative Product/ Nifty 50/Nifty PSE Index/NIFTY Low Volatility 50 Index
ORIENTBANK,EQ,Oriental Bank Of Commerce,No Band,Derivative Product/Nifty MIDCAP 50/Nifty Dividend Opportunities 50 Index
PAGEIND,EQ,Page Industries Limited,No Band,Derivative Product 
PCJEWELLER,EQ,PC Jeweller Limited,No Band,Derivative Product
PEL,EQ,Piramal Enterprises Limited,No Band,Derivative Product
PETRONET,EQ,Petronet LNG Limited,No Band,Derivative Product/NIFTY 100/NIFTY Next 50
PFC,EQ,Power Finance Corporation Limited,No Band,Derivative Product/Nifty PSE Index
PIDILITIND,EQ,Pidilite Industries Limited,No Band,Derivative Product
PNB,EQ,Punjab National Bank,No Band,Derivative Product/ Nifty 50/Bank Nifty
POWERGRID,EQ,Power Grid Corporation of India Limited,No Band,Derivative Product/ Nifty 50/Nifty Infrastructure Index/Nifty PSE Index
PTC,EQ,PTC India Limited,No Band,Derivative Product
PVR,EQ,PVR Limited,No Band,Derivative Product
RAMCOCEM,EQ,The Ramco Cements Limited,No Band,Derivative Product
RAYMOND,EQ,Raymond Limited,No Band,-
RBLBANK,EQ,RBL Bank Limited,No Band,Derivative Product/NIFTY Free float Midcap 100
RCOM,EQ,Reliance Communications Limited,No Band,Derivative Product/Nifty Infrastructure Index/Nifty Midcap 50
RDEL,EQ,Reliance Defence and Engineering Limited,No Band,Derivative Product
RECLTD,EQ,Rural Electrification Corporation Limited,No Band,Derivative Product/Nifty PSE Index/ NIFTY 100/NIFTY Next 50/Nifty Alpha 50 Index
RELCAPITAL,EQ,Reliance Capital Limited,No Band,Derivative Product/Nifty MIDCAP 50/Nifty Dividend Opportunities 50 Index
RELIANCE,EQ,Reliance Industries Limited,No Band,Derivative Product/ Nifty 50
RELINFRA,EQ,Reliance Infrastructure Limited,No Band,Derivative Product/Nifty Infrastructure Index/Nifty MIDCAP 50/ Nifty Energy Index
RPOWER,EQ,Reliance Power Limited,No Band,Derivative Product/Nifty Infrastructure Index/Nifty MIDCAP 50
SAIL,EQ,Steel Authority of India Limited,No Band,Derivative Product/Nifty PSE Index/Nifty MIDCAP 50
SBIN,EQ,State Bank Of India,No Band,Derivative Product/ Nifty 50/Bank Nifty/Nifty High Beta 50 Index
SHREECEM,EQ,Shree Cements Limited,No Band,Derivative Product
SIEMENS,EQ,Siemens Limited,No Band,Derivative Product/ Nifty Infrastructure Index/Nifty MIDCAP 50 / Nifty Low Volatility 50 Index
SINTEX,EQ,Sintex Industries Limited,No Band,Derivative Product
SOUTHBANK,EQ,The South Indian Bank Limited,No Band,Derivative Product  / Nifty Low Volatility 50 Index/ NIFTY Private Bank
SRF,EQ,SRF Limited,No Band,Derivative Product
SRTRANSFIN,EQ,Shriram Transport Finance Company Limited,No Band,Derivative Product
STAR,EQ,Strides Shasun Limited,No Band,Derivative Product
SUNPHARMA,EQ,Sun Pharmaceutical Industries Limited,No Band,Derivative Product/ Nifty 50
SUNTV,EQ,Sun TV Network Limited,No Band,Derivative Product/Nifty Midcap 50
SUZLON,EQ,Suzlon Energy Limited,No Band,Derivative Product/BSE 100 Index
SYNDIBANK,EQ,Syndicate Bank,No Band,Derivative Product
TATACHEM,EQ,Tata Chemicals Limited,No Band,Derivative Product/Nifty Midcap 50/NIFTY Midcap Liquid 15
TATACOMM,EQ,Tata Communications Limited,No Band,Derivative Product/Nifty Infrastructure Index/NIFTY Alpha 50 Index
TATAELXSI,EQ,Tata Elxsi Limited,No Band,Derivative Product/NIFTY IT/NIFTY Smallcap 250/NIFTY Full Smallcap 100/NIFTY Smallcap 50
TATAGLOBAL,EQ,Tata Global Beverages Limited,No Band,Derivative Product/Nifty Midcap 50
TATAMOTORS,EQ,Tata Motors Limited,No Band,Derivative Product/ Nifty 50
TATAMTRDVR,EQ,Tata Motors Limited,No Band,Derivative Product
TATAPOWER,EQ,Tata Power Company Limited,No Band,Derivative Product/ Nifty 50/Nifty Infrastructure Index/NIFTY Low Volatility 50 Index
TATASTEEL,EQ,Tata Steel Limited,No Band,Derivative Product/ Nifty 50/Nifty Dividend Opportunities 50 Index
TCS,EQ,Tata Consultancy Services Limited,No Band,Derivative Product/ Nifty 50/Nifty IT
TECHM,EQ,Tech Mahindra Limited,No Band,Derivative Product/Nifty IT/Nifty Dividend Opportunities 50 Index
TITAN,EQ,Titan Company Limited,No Band,Derivative Product
TORNTPHARM,EQ,Torrent Pharmaceuticals Limited,No Band,Nifty Dividend Opportunities 50 Index / Nifty Quality 30 Index
TORNTPOWER,EQ,Torrent Power Limited,No Band,Derivative Product
TV18BRDCST,EQ,TV18 Broadcast Limited,No Band,"Derivative Product/Nifty High Beta 50 Index		"
TVSMOTOR,EQ,TVS Motor Company Limited,No Band,"Derivative Product/Nifty Alpha 50 Index	"
UBL,EQ,United Breweries Limited,No Band,BSE 100 Index/Derivative Product
UJJIVAN,EQ,Ujjivan Financial Services Limited,No Band,Derivative Product/NIFTY Full Smallcap 100/NIFTY Smallcap 50
ULTRACEMCO,EQ,UltraTech Cement Limited,No Band,Derivative Product/ Nifty 50
UNIONBANK,EQ,Union Bank of India,No Band,Derivative Product/Bank Nifty/Nifty MIDCAP 50
UPL,EQ,UPL Limited,No Band,Derivative Product/Nifty Midcap 50/NIFTY Alpha 50 Index
VEDL,EQ,Vedanta Limited,No Band,Derivative Product/Nifty 50/Nifty Alpha 50 Index/NIFTY100 Liquid 15
VGUARD,EQ,V-Guard Industries Limited,No Band,NIFTY Alpha 50 Index/  NIFTY Smallcap 50/NIFTY Free float Smallcap 100
VOLTAS,EQ,Voltas Limited,No Band,Derivative Product/Nifty Midcap 50/Nifty Infrastructure Index
WIPRO,EQ,Wipro Limited,No Band,Derivative Product/ Nifty 50 / Nifty IT
WOCKPHARMA,EQ,Wockhardt Limited,No Band,Derivative Product
YESBANK,EQ,Yes Bank Limited,No Band,Derivative Product/Bank Nifty/ Nifty 50/Nifty50 Value 20 Index
ZEEL,EQ,Zee Entertainment Enterprises Limited,No Band,Derivative Product/Nifty 50/NIFTY Growth Sectors 15 Index
